wall_elapsed,theta,omega,alpha,theta_imu,theta_imu_online,omega_imu,omega_imu_online,alpha_linear,alpha_linear_online,cmd_u_raw,cmd_u,pwm_hw,hw_pwm,ina_current_corr_mA,ina_current_signed_online_mA,tau_cmd,tau_motor,tau_visc,tau_coul,enc_count
0.0,2.8730318076888346,-0.3812808368465529,-5.627768142403217,2.8457852464939304,2.8730318076888346,-0.6864243745803833,-0.3812808368465529,-5.627768142403217,-5.627768142403217,0.0,0.0,0.0,0.0,0.0,0.0,0.0,0.0,0.0,0.0,-542.0
0.015626800013706088,2.867843652487635,-0.46921921636325176,-5.9808714562904655,2.829797181012173,2.867843652487635,-0.869827389717102,-0.46921921636325176,-5.9808714562904655,-5.9808714562904655,0.0,0.0,0.0,0.0,0.0,0.0,0.0,0.0,0.0,0.0,-542.0
0.031240156007697806,2.861001585260932,-0.568109428781697,-6.613902396759514,2.8108264255984396,2.861001585260932,-1.0186092853546143,-0.568109428781697,-6.613902396759514,-6.613902396759514,0.0,0.0,0.0,0.0,0.0,0.0,0.0,0.0,0.0,0.0,-543.0
0.046734155010199174,2.8536405140674375,-0.6748935920364774,-6.86472869585339,2.799659325315143,2.8536405140674375,-1.1613547801971436,-0.6748935920364774,-6.86472869585339,-6.86472869585339,0.0,0.0,0.0,0.0,0.0,0.0,0.0,0.0,0.0,0.0,-543.0
0.06205904801026918,2.8442040756818385,-0.7796819238604145,-6.739155757818544,2.7750035275207816,2.8442040756818385,-1.2570509910583496,-0.7796819238604145,-6.739155757818544,-6.739155757818544,0.0,0.0,0.0,0.0,0.0,0.0,0.0,0.0,0.0,0.0,-543.0
0.07753971399506554,2.834370182604865,-0.8824661683606754,-7.323415958010916,2.7622549667070557,2.834370182604865,-1.3507055044174194,-0.8824661683606754,-7.323415958010916,-7.323415958010916,0.0,0.0,0.0,0.0,0.0,0.0,0.0,0.0,0.0,0.0,-545.0
0.09313801900134422,2.8222280829502737,-1.0074476722365096,-7.608182005370409,2.733186018816606,2.8222280829502737,-1.5768078565597534,-1.0074476722365096,-7.608182005370409,-7.608182005370409,0.0,0.0,0.0,0.0,0.0,0.0,0.0,0.0,0.0,0.0,-545.0
0.10857777000637725,2.809607763741335,-1.1187369101502587,-8.041934007628711,2.7170587562091155,2.809607763741335,-1.6257212162017822,-1.1187369101502587,-8.041934007628711,-8.041934007628711,0.0,0.0,0.0,0.0,0.0,0.0,0.0,0.0,0.0,0.0,-545.0
0.12417158900643699,2.794244950849003,-1.2572758511773383,-8.929345725410286,2.681584322971905,2.794244950849003,-1.8883976936340332,-1.2572758511773383,-8.929345725410286,-8.929345725410286,0.0,0.0,0.0,0.0,0.0,0.0,0.0,0.0,0.0,0.0,-546.0
0.1397447040071711,2.778316773392823,-1.3970353717782835,-9.820637039928165,2.6615101387141715,2.778316773392823,-2.033717632293701,-1.3970353717782835,-9.820637039928165,-9.820637039928165,0.0,0.0,0.0,0.0,0.0,0.0,0.0,0.0,0.0,0.0,-547.0
0.15579855800024234,2.758982917196291,-1.5686990211850969,-11.680017401092144,2.6172013050883898,2.758982917196291,-2.350722312927246,-1.5686990211850969,-11.680017401092144,-11.680017401092144,0.0,0.0,0.0,0.0,0.0,0.0,0.0,0.0,0.0,0.0,-547.0
0.17150069199851714,2.735897579988598,-1.7672591531441795,-12.707645478381814,2.5666051071321823,2.735897579988598,-2.6718108654022217,-1.7672591531441795,-12.707645478381814,-12.707645478381814,0.0,0.0,0.0,0.0,0.0,0.0,0.0,0.0,0.0,0.0,-547.0
0.18715048901503906,2.7121806400967876,-1.9671017434017135,-14.106297820040211,2.538256414223509,2.7121806400967876,-2.877495765686035,-1.9671017434017135,-14.106297820040211,-14.106297820040211,0.0,0.0,0.0,0.0,0.0,0.0,0.0,0.0,0.0,0.0,-552.0
0.20279800199205056,2.6838785759000525,-2.2087422234584237,-14.569400585586955,2.476330105123994,2.6838785759000525,-3.309548854827881,-2.2087422234584237,-14.569400585586955,-14.569400585586955,0.0,0.0,0.0,0.0,0.0,0.0,0.0,0.0,0.0,0.0,-552.0
0.21831277399905957,2.6549191184197625,-2.421348428991523,-14.970395946486533,2.442549763564302,2.6549191184197625,-3.389887809753418,-2.421348428991523,-14.970395946486533,-14.970395946486533,0.0,0.0,0.0,0.0,0.0,0.0,0.0,0.0,0.0,0.0,-552.0
0.23435278699616902,2.620556084523612,-2.682483260372292,-16.57461167524052,2.3685605026185104,2.620556084523612,-3.8720974922180176,-2.682483260372292,-16.57461167524052,-16.57461167524052,0.0,0.0,0.0,0.0,0.0,0.0,0.0,0.0,0.0,0.0,-558.0
0.24991432100068778,2.585416019855277,-2.944854273917267,-18.132756553225462,2.3277222122874877,2.585416019855277,-4.140100002288818,-2.944854273917267,-18.132756553225462,-18.132756553225462,0.0,0.0,0.0,0.0,0.0,0.0,0.0,0.0,0.0,0.0,-558.0
0.26580837700748816,2.543719424503434,-3.2537151454965585,-19.060118769028122,2.237944391923252,2.543719424503434,-4.66074800491333,-3.2537151454965585,-19.060118769028122,-19.060118769028122,0.0,0.0,0.0,0.0,0.0,0.0,0.0,0.0,0.0,0.0,-558.0
0.28169676099787466,2.501216824180812,-3.550635578319019,-20.85651192069747,2.1895310884815813,2.501216824180812,-4.903273105621338,-3.550635578319019,-20.85651192069747,-20.85651192069747,0.0,0.0,0.0,0.0,0.0,0.0,0.0,0.0,0.0,0.0,-558.0
0.2972614930185955,2.451103393174692,-3.9083279769712296,-24.45085693790996,2.0836048991298144,2.451103393174692,-5.537815570831299,-3.9083279769712296,-24.45085693790996,-24.45085693790996,0.0,0.0,0.0,0.0,0.0,0.0,0.0,0.0,0.0,0.0,-565.0
0.3129271530197002,2.3928310287506513,-4.314543096313551,-25.618715859434786,1.9655003563076858,2.3928310287506513,-6.165078639984131,-4.314543096313551,-25.618715859434786,-25.618715859434786,0.0,0.0,0.0,0.0,0.0,0.0,0.0,0.0,0.0,0.0,-565.0
0.328571716992883,2.3338250725438336,-4.7104688455994275,-27.082559736219707,1.9011147270271729,2.3338250725438336,-6.514130592346191,-4.7104688455994275,-27.082559736219707,-27.082559736219707,0.0,0.0,0.0,0.0,0.0,0.0,0.0,0.0,0.0,0.0,-565.0
0.3440963909961283,2.2651964509195803,-5.1582618673319605,-28.563255533793836,1.7619198923417216,2.2651964509195803,-7.198207855224609,-5.1582618673319605,-28.563255533793836,-28.563255533793836,0.0,0.0,0.0,0.0,0.0,0.0,0.0,0.0,0.0,0.0,-577.0
0.35963655001251027,2.195820898141098,-5.597772911601613,-30.040766257975292,1.6870668444322274,2.195820898141098,-7.599989891052246,-5.597772911601613,-30.040766257975292,-30.040766257975292,0.0,0.0,0.0,0.0,0.0,0.0,0.0,0.0,0.0,0.0,-577.0
0.37519318400882185,2.1153804342120823,-6.092491330543108,-31.113762256909553,1.5254836987326343,2.1153804342120823,-8.346208572387695,-6.092491330543108,-31.113762256909553,-31.113762256909553,0.0,0.0,0.0,0.0,0.0,0.0,0.0,0.0,0.0,0.0,-577.0
0.39092581800650805,2.034214738918908,-6.571056437798279,-31.964471302984293,1.4389996401022944,2.034214738918908,-8.75118637084961,-6.571056437798279,-31.964471302984293,-31.964471302984293,0.0,0.0,0.0,0.0,0.0,0.0,0.0,0.0,0.0,0.0,-579.0
0.4064993100182619,1.9408489100159034,-7.092685567629843,-33.724447878042184,1.256166164727205,1.9408489100159034,-9.468996047973633,-7.092685567629843,-33.724447878042184,-33.724447878042184,0.0,0.0,0.0,0.0,0.0,0.0,0.0,0.0,0.0,0.0,-592.0
0.4220153430069331,1.8351693153897461,-7.619507147451101,-32.787188258480825,1.0601856214645926,1.8351693153897461,-10.019472122192383,-7.619507147451101,-32.787188258480825,-32.787188258480825,0.0,0.0,0.0,0.0,0.0,0.0,0.0,0.0,0.0,0.0,-592.0
0.43760234501678497,1.729815159692794,-8.112300727700674,-29.68233039411595,0.9572180179151446,1.729815159692794,-10.35724925994873,-8.112300727700674,-29.68233039411595,-29.68233039411595,0.0,0.0,0.0,0.0,0.0,0.0,0.0,0.0,0.0,0.0,-592.0
0.45606620601029135,1.61139266421529,-8.618065638767776,-28.85366051858273,0.7429610307135945,1.61139266421529,-10.92210578918457,-8.618065638767776,-28.85366051858273,-28.85366051858273,0.0,0.0,0.0,0.0,0.0,0.0,0.0,0.0,0.0,0.0,-607.0
0.4720447139989119,1.4804740380226524,-9.099313366025905,-27.88878037744297,0.5204041126099769,1.4804740380226524,-11.291664123535156,-9.099313366025905,-27.88878037744297,-27.88878037744297,0.0,0.0,0.0,0.0,0.0,0.0,0.0,0.0,0.0,0.0,-607.0
0.48777467501349747,1.3516812539659342,-9.503475896756234,-23.884804372915937,0.4072008375500006,1.3516812539659342,-11.344660758972168,-9.503475896756234,-23.884804372915937,-23.884804372915937,0.0,0.0,0.0,0.0,0.0,0.0,0.0,0.0,0.0,0.0,-607.0
0.5037729559990112,1.2246195384281893,-9.85615715825271,-20.41549319700158,0.2928336244847275,1.2246195384281893,-11.46281623840332,-9.85615715825271,-20.41549319700158,-20.41549319700158,0.0,0.0,0.0,0.0,0.0,0.0,0.0,0.0,0.0,0.0,-612.0
0.5191994240158238,1.085238074266427,-10.146857829728159,-15.828134265430208,0.06310733708017058,1.085238074266427,-11.471160888671875,-10.146857829728159,-15.828134265430208,-15.828134265430208,0.0,0.0,0.0,0.0,0.0,0.0,0.0,0.0,0.0,0.0,-630.0
0.5351401370135136,0.935354110379989,-10.34948733181508,-9.397452610491143,-0.16379495812055656,0.935354110379989,-11.272577285766602,-10.34948733181508,-9.397452610491143,-9.397452610491143,0.0,0.0,0.0,0.0,0.0,0.0,0.0,0.0,0.0,0.0,-630.0
0.5507297010044567,0.7769456696936606,-10.445463889432116,-3.9398990628321826,-0.38471622867274713,0.7769456696936606,-10.8826904296875,-10.445463889432116,-3.9398990628321826,-3.9398990628321826,0.0,0.0,0.0,0.0,0.0,0.0,0.0,0.0,0.0,0.0,-630.0
0.5661513470113277,0.6247501208437297,-10.472408761526719,2.8543340140876694,-0.49135057072243027,0.6247501208437297,-10.595157623291016,-10.472408761526719,2.8543340140876694,2.8543340140876694,0.0,0.0,0.0,0.0,0.0,0.0,0.0,0.0,0.0,0.0,-651.0
0.5817424739943817,0.46651762250548695,-10.355374757205816,9.569209321786502,-0.6938540319749603,0.46651762250548695,-9.822219848632812,-10.355374757205816,9.569209321786502,9.569209321786502,0.0,0.0,0.0,0.0,0.0,0.0,0.0,0.0,0.0,0.0,-651.0
0.5971140640031081,0.3159014162571496,-10.177019369085038,15.074932981639279,-0.7886174295639904,0.3159014162571496,-9.364511489868164,-10.177019369085038,15.074932981639279,15.074932981639279,0.0,0.0,0.0,0.0,0.0,0.0,0.0,0.0,0.0,0.0,-651.0
0.613056182017317,0.16229341459826388,-9.879287428670239,18.848211645867366,-0.9641652642335651,0.16229341459826388,-8.522953033447266,-9.879287428670239,18.848211645867366,18.848211645867366,0.0,0.0,0.0,0.0,0.0,0.0,0.0,0.0,0.0,0.0,-667.0
0.628789392998442,0.01713493418597556,-9.58006762479817,24.484784999008184,-1.047360588837472,0.01713493418597556,-8.216955184936523,-9.58006762479817,24.484784999008184,24.484784999008184,0.0,0.0,0.0,0.0,0.0,0.0,0.0,0.0,0.0,0.0,-667.0
0.6444809139939025,-0.12845247905696544,-9.110314809405423,30.701101569825255,-1.1960935095051997,-0.12845247905696544,-6.970329761505127,-9.110314809405423,30.701101569825255,30.701101569825255,0.0,0.0,0.0,0.0,0.0,0.0,0.0,0.0,0.0,0.0,-667.0
0.6600301550060976,-0.2643922098018696,-8.621158340932297,34.59898776404606,-1.2612835685978339,-0.2643922098018696,-6.3927788734436035,-8.621158340932297,34.59898776404606,34.59898776404606,0.0,0.0,0.0,0.0,0.0,0.0,0.0,0.0,0.0,0.0,-667.0
0.6757218750135507,-0.39777087546686435,-8.028510186549347,41.16508931061057,-1.3758810903434924,-0.39777087546686435,-5.328668594360352,-8.028510186549347,41.16508931061057,41.16508931061057,0.0,0.0,0.0,0.0,0.0,0.0,0.0,0.0,0.0,0.0,-680.0
0.6914243560167961,-0.5261657935621277,-7.3287401197856505,43.99896686134838,-1.4677285262607254,-0.5261657935621277,-4.140898704528809,-7.3287401197856505,43.99896686134838,43.99896686134838,0.0,0.0,0.0,0.0,0.0,0.0,0.0,0.0,0.0,0.0,-680.0
0.7069242169964127,-0.6436130162192875,-6.655411758301138,46.31225838316058,-1.5048926490384593,-0.6436130162192875,-3.588027000427246,-6.655411758301138,46.31225838316058,46.31225838316058,0.0,0.0,0.0,0.0,0.0,0.0,0.0,0.0,0.0,0.0,-680.0
0.7222842200135347,-0.7538576944509526,-5.900349657721851,47.93787551058733,-1.5623186681498304,-0.7538576944509526,-2.4606223106384277,-5.900349657721851,47.93787551058733,47.93787551058733,0.0,0.0,0.0,0.0,0.0,0.0,0.0,0.0,0.0,0.0,-688.0
0.7378418330044951,-0.8532785067722402,-5.173772122869668,49.282480420146015,-1.5823644637950154,-0.8532785067722402,-1.8638077974319458,-5.173772122869668,49.282480420146015,49.282480420146015,0.0,0.0,0.0,0.0,0.0,0.0,0.0,0.0,0.0,0.0,-688.0
0.7534156200126745,-0.9435025642620167,-4.366033542211868,50.077203528181826,-1.605145652520378,-0.9435025642620167,-0.686335563659668,-4.366033542211868,50.077203528181826,50.077203528181826,0.0,0.0,0.0,0.0,0.0,0.0,0.0,0.0,0.0,0.0,-688.0
0.7690916339925025,-1.0232427111808733,-3.6092362544992915,49.69809860732559,-1.6080037885858216,-1.0232427111808733,-0.1616041660308838,-3.6092362544992915,49.69809860732559,49.69809860732559,0.0,0.0,0.0,0.0,0.0,0.0,0.0,0.0,0.0,0.0,-688.0
0.7847397600125987,-1.092243721531793,-2.809362513670193,51.05766305993632,-1.5982511307718719,-1.092243721531793,0.8345067501068115,-2.809362513670193,51.05766305993632,51.05766305993632,0.0,0.0,0.0,0.0,0.0,0.0,0.0,0.0,0.0,0.0,-690.0
0.8004980980185792,-1.149738739874123,-2.005708558893274,49.24918062365976,-1.5713688743845418,-1.149738739874123,1.655381679534912,-2.005708558893274,49.24918062365976,49.24918062365976,0.0,0.0,0.0,0.0,0.0,0.0,0.0,0.0,0.0,0.0,-690.0
0.8160116139915772,-1.197945029621647,-1.2683993658419235,47.99855318969506,-1.5514578211034897,-1.197945029621647,2.090453624725342,-1.2683993658419235,47.99855318969506,47.99855318969506,0.0,0.0,0.0,0.0,0.0,0.0,0.0,0.0,0.0,0.0,-690.0
0.8314488920150325,-1.2341707450988442,-0.520186967295065,45.876140885783244,-1.4998259919316235,-1.2341707450988442,2.888336181640625,-0.520186967295065,45.876140885783244,45.876140885783244,0.0,0.0,0.0,0.0,0.0,0.0,0.0,0.0,0.0,0.0,-688.0
0.8469188940071035,-1.2622977181112796,0.14933756168071755,43.677919893752225,-1.46856218686914,-1.2622977181112796,3.1993937492370605,0.14933756168071755,43.677919893752225,43.677919893752225,0.0,0.0,0.0,0.0,0.0,0.0,0.0,0.0,0.0,0.0,-688.0
0.8626505120191723,-1.278085908480487,0.8428454419356103,42.443380280136005,-1.3938659711880077,-1.278085908480487,4.002159118652344,0.8428454419356103,42.443380280136005,42.443380280136005,0.0,0.0,0.0,0.0,0.0,0.0,0.0,0.0,0.0,0.0,-688.0
0.8782392209977843,-1.2868366152207393,1.479144813290521,40.88865863681611,-1.3510084646492566,-1.2868366152207393,4.377841949462891,1.479144813290521,40.88865863681611,40.88865863681611,0.0,0.0,0.0,0.0,0.0,0.0,0.0,0.0,0.0,0.0,-688.0
0.8938299849978648,-1.2829718632643092,2.1177325596118504,39.21540116332471,-1.2546303489171562,-1.2829718632643092,5.026854515075684,2.1177325596118504,39.21540116332471,39.21540116332471,0.0,0.0,0.0,0.0,0.0,0.0,0.0,0.0,0.0,0.0,-680.0
0.9093240009970032,-1.2732588513157992,2.698483333464237,37.328227848184454,-1.2020300970267255,-1.2732588513157992,5.344125747680664,2.698483333464237,37.328227848184454,37.328227848184454,0.0,0.0,0.0,0.0,0.0,0.0,0.0,0.0,0.0,0.0,-680.0
0.924955572001636,-1.2509388214586732,3.2795529986323246,36.304572431517556,-1.0872586025064157,-1.2509388214586732,5.926648139953613,3.2795529986323246,36.304572431517556,36.304572431517556,0.0,0.0,0.0,0.0,0.0,0.0,0.0,0.0,0.0,0.0,-680.0
0.940742085018428,-1.2163650488564763,3.83883304918002,33.85570980818814,-0.9628240497736997,-1.2163650488564763,6.386664390563965,3.83883304918002,33.85570980818814,33.85570980818814,0.0,0.0,0.0,0.0,0.0,0.0,0.0,0.0,0.0,0.0,-671.0
0.9564073990040924,-1.1780300661499732,4.344756514329082,30.8004473482043,-0.8969068596356173,-1.1780300661499732,6.649518966674805,4.344756514329082,30.8004473482043,30.8004473482043,0.0,0.0,0.0,0.0,0.0,0.0,0.0,0.0,0.0,0.0,-671.0
0.9720473290071823,-1.1279649983357376,4.803124421644867,27.95869683763516,-0.7608211676980088,-1.1279649983357376,6.891244888305664,4.803124421644867,27.95869683763516,27.95869683763516,0.0,0.0,0.0,0.0,0.0,0.0,0.0,0.0,0.0,0.0,-671.0
0.987495105015114,-1.0754544490711948,5.214443449698987,24.720508107634174,-0.6903770877978812,-1.0754544490711948,7.088230133056641,5.214443449698987,24.720508107634174,24.720508107634174,0.0,0.0,0.0,0.0,0.0,0.0,0.0,0.0,0.0,0.0,-669.0
1.002896799996961,-1.0120861740146654,5.565914410460933,21.117773635197267,-0.5473854902667838,-1.0120861740146654,7.167059898376465,5.565914410460933,21.117773635197267,21.117773635197267,0.0,0.0,0.0,0.0,0.0,0.0,0.0,0.0,0.0,0.0,-659.0
1.018236939999042,-0.9476624062506285,5.863851738422447,17.203596051688834,-0.4752214426476913,-0.9476624062506285,7.221121788024902,5.863851738422447,17.203596051688834,17.203596051688834,0.0,0.0,0.0,0.0,0.0,0.0,0.0,0.0,0.0,0.0,-659.0
1.0335775339917745,-0.873754679972699,6.093731350311095,13.23266913415435,-0.3317646872678821,-0.873754679972699,7.140960693359375,6.093731350311095,13.23266913415435,13.23266913415435,0.0,0.0,0.0,0.0,0.0,0.0,0.0,0.0,0.0,0.0,-659.0
1.048939808999421,-0.8001973124222201,6.270056604761812,9.019096036045283,-0.26077661705204225,-0.8001973124222201,7.0733160972595215,6.270056604761812,9.019096036045283,9.019096036045283,0.0,0.0,0.0,0.0,0.0,0.0,0.0,0.0,0.0,0.0,-647.0
1.0644998530042358,-0.7188018109409278,6.3716439409291,5.1779416422483,-0.12190146674478419,-0.7188018109409278,6.834430694580078,6.3716439409291,5.1779416422483,5.1779416422483,0.0,0.0,0.0,0.0,0.0,0.0,0.0,0.0,0.0,0.0,-647.0
1.0798956069920678,-0.639082122300631,6.430785419409762,1.2592556311085445,-0.0544710722717876,-0.639082122300631,6.700207710266113,6.430785419409762,1.2592556311085445,1.2592556311085445,0.0,0.0,0.0,0.0,0.0,0.0,0.0,0.0,0.0,0.0,-647.0
1.0955158389988355,-0.5533775208260393,6.409533268540638,-3.8383859173523263,0.07512288998763328,-0.5533775208260393,6.312717914581299,6.409533268540638,-3.8383859173523263,-3.8383859173523263,0.0,0.0,0.0,0.0,0.0,0.0,0.0,0.0,0.0,0.0,-644.0
1.110831304016756,-0.4634667332073748,6.313537865072709,-7.468930715044962,0.19587904266283118,-0.4634667332073748,5.876225471496582,6.313537865072709,-7.468930715044962,-7.468930715044962,0.0,0.0,0.0,0.0,0.0,0.0,0.0,0.0,0.0,0.0,-634.0
1.1262070540105924,-0.377575010519715,6.180157613690676,-11.236320444182269,0.25229762252312393,-0.377575010519715,5.572536468505859,6.180157613690676,-11.236320444182269,-11.236320444182269,0.0,0.0,0.0,0.0,0.0,0.0,0.0,0.0,0.0,0.0,-634.0
1.1415785959979985,-0.2894789792289534,5.968072995133704,-14.30954817586209,0.3565585835699647,-0.2894789792289534,5.0019097328186035,5.968072995133704,-14.30954817586209,-14.30954817586209,0.0,0.0,0.0,0.0,0.0,0.0,0.0,0.0,0.0,0.0,-634.0
1.1569649470038712,-0.20621780746847318,5.74001088078991,-17.49164791304065,0.4043641187750482,-0.20621780746847318,4.701061248779297,5.74001088078991,-17.49164791304065,-17.49164791304065,0.0,0.0,0.0,0.0,0.0,0.0,0.0,0.0,0.0,0.0,-624.0
1.1723347450024448,-0.12266605274965373,5.430185587363083,-20.41740320602571,0.4900468151883557,-0.12266605274965373,4.018759250640869,5.430185587363083,-20.41740320602571,-20.41740320602571,0.0,0.0,0.0,0.0,0.0,0.0,0.0,0.0,0.0,0.0,-624.0
1.1878304310084786,-0.04464293524742695,5.109752284634554,-21.028866475139836,0.5275265931022362,-0.04464293524742695,3.65000057220459,5.109752284634554,-21.028866475139836,-21.028866475139836,0.0,0.0,0.0,0.0,0.0,0.0,0.0,0.0,0.0,0.0,-624.0
1.2033566820027772,0.028056449944931,4.777808000109319,-24.083616075575094,0.5611852746888892,0.028056449944931,3.2656173706054688,4.777808000109319,-24.083616075575094,-24.083616075575094,0.0,0.0,0.0,0.0,0.0,0.0,0.0,0.0,0.0,0.0,-624.0
1.21875431999797,0.09868811320658713,4.365685889481121,-28.11105681662616,0.6166536437920654,0.09868811320658713,2.4882407188415527,4.365685889481121,-28.11105681662616,-28.11105681662616,0.0,0.0,0.0,0.0,0.0,0.0,0.0,0.0,0.0,0.0,-617.0
1.2342011760047171,0.16584991503411792,3.910603992217842,-28.671037409724264,0.6583697951026771,0.16584991503411792,1.8374531269073486,3.910603992217842,-28.671037409724264,-28.671037409724264,0.0,0.0,0.0,0.0,0.0,0.0,0.0,0.0,0.0,0.0,-617.0
1.2497655299957842,0.22685953216287047,3.4767487032222073,-30.149301464202736,0.6742633911070559,0.22685953216287047,1.5002968311309814,3.4767487032222073,-30.149301464202736,-30.149301464202736,0.0,0.0,0.0,0.0,0.0,0.0,0.0,0.0,0.0,0.0,-617.0
1.2652902670088224,0.28294625917463334,2.973469593332808,-34.383600989492805,0.6942489239275612,0.28294625917463334,0.6807536482810974,2.973469593332808,-34.383600989492805,-34.383600989492805,0.0,0.0,0.0,0.0,0.0,0.0,0.0,0.0,0.0,0.0,-614.0
1.2806977610161994,0.3327176181648321,2.413646406957917,-34.86888719595431,0.6977075840929561,0.3327176181648321,-0.13665921986103058,2.413646406957917,-34.86888719595431,-34.86888719595431,0.0,0.0,0.0,0.0,0.0,0.0,0.0,0.0,0.0,0.0,-614.0
1.2964473399915732,0.37602273591013957,1.8880709717314628,-32.22947719478404,0.6935935993757281,0.37602273591013957,-0.5062171220779419,1.8880709717314628,-32.22947719478404,-32.22947719478404,0.0,0.0,0.0,0.0,0.0,0.0,0.0,0.0,0.0,0.0,-614.0
1.3119464460178278,0.41326330987093873,1.4059504510865386,-31.080489634780513,0.6863608522501327,0.41326330987093873,-0.7903763651847839,1.4059504510865386,-31.080489634780513,-31.080489634780513,0.0,0.0,0.0,0.0,0.0,0.0,0.0,0.0,0.0,0.0,-614.0
1.3272808449983131,0.4434837789784859,0.9297420674922803,-30.61099306036796,0.6651005524338321,0.4434837789784859,-1.2396516799926758,0.9297420674922803,-30.61099306036796,-30.61099306036796,0.0,0.0,0.0,0.0,0.0,0.0,0.0,0.0,0.0,0.0,-614.0
1.3426886970119085,0.4664560757170934,0.4649649895605889,-28.842852718531223,0.6349195851335484,0.4664560757170934,-1.6523528099060059,0.4649649895605889,-28.842852718531223,-28.842852718531223,0.0,0.0,0.0,0.0,0.0,0.0,0.0,0.0,0.0,0.0,-614.0
1.3581594210118055,0.4844729942652428,0.03928243226304717,-26.613966967949807,0.6165970636183385,0.4844729942652428,-1.8999381065368652,0.03928243226304717,-26.613966967949807,-26.613966967949807,0.0,0.0,0.0,0.0,0.0,0.0,0.0,0.0,0.0,0.0,-614.0
1.3740144670009613,0.49522242738177547,-0.3680365611381734,-24.926265950503847,0.5740516035696818,0.49522242738177547,-2.2236008644104004,-0.3680365611381734,-24.926265950503847,-24.926265950503847,0.0,0.0,0.0,0.0,0.0,0.0,0.0,0.0,0.0,0.0,-617.0
1.3896283000067342,0.5017943763176925,-0.7454849435885024,-23.772862401354715,0.5499886685144177,0.5017943763176925,-2.4649720191955566,-0.7454849435885024,-23.772862401354715,-23.772862401354715,0.0,0.0,0.0,0.0,0.0,0.0,0.0,0.0,0.0,0.0,-617.0
1.4051524109963793,0.5013109008118595,-1.1083463893611634,-22.287143436254205,0.49776541376908345,0.5013109008118595,-2.7613818645477295,-1.1083463893611634,-22.287143436254205,-22.287143436254205,0.0,0.0,0.0,0.0,0.0,0.0,0.0,0.0,0.0,0.0,-617.0
1.4206577580189332,0.4973975503732922,-1.4370836900024724,-20.892431535326587,0.4686996471571323,0.4973975503732922,-2.934664726257324,-1.4370836900024724,-20.892431535326587,-20.892431535326587,0.0,0.0,0.0,0.0,0.0,0.0,0.0,0.0,0.0,0.0,-617.0
1.4360880320018623,0.4864687484988808,-1.7547130329217784,-20.102588299799216,0.4063242014198638,0.4864687484988808,-3.201691150665283,-1.7547130329217784,-20.102588299799216,-20.102588299799216,0.0,0.0,0.0,0.0,0.0,0.0,0.0,0.0,0.0,0.0,-621.0
1.4514759790035896,0.4688025697211188,-2.0566504650415127,-18.48235555860377,0.3392505920175304,0.4688025697211188,-3.432143211364746,-2.0566504650415127,-18.48235555860377,-18.48235555860377,0.0,0.0,0.0,0.0,0.0,0.0,0.0,0.0,0.0,0.0,-621.0
1.466828536009416,0.4490483075367089,-2.3229505069596508,-16.61694192636942,0.3041837181843696,0.4490483075367089,-3.536095142364502,-2.3229505069596508,-16.61694192636942,-16.61694192636942,0.0,0.0,0.0,0.0,0.0,0.0,0.0,0.0,0.0,0.0,-621.0
1.4821541779965628,0.42294046615760145,-2.566467507976811,-15.028937694641755,0.23148296271081348,0.42294046615760145,-3.6758227348327637,-2.566467507976811,-15.028937694641755,-15.028937694641755,0.0,0.0,0.0,0.0,0.0,0.0,0.0,0.0,0.0,0.0,-627.0
1.4977137160021812,0.39545384146560264,-2.78671631010849,-13.094453711840288,0.19388526039094467,0.39545384146560264,-3.790071964263916,-2.78671631010849,-13.094453711840288,-13.094453711840288,0.0,0.0,0.0,0.0,0.0,0.0,0.0,0.0,0.0,0.0,-627.0
1.513101310993079,0.3621885357495753,-2.9720660782837127,-11.033746260230728,0.1182429604987083,0.3621885357495753,-3.816437244415283,-2.9720660782837127,-11.033746260230728,-11.033746260230728,0.0,0.0,0.0,0.0,0.0,0.0,0.0,0.0,0.0,0.0,-627.0
1.5284667439991608,0.3283218343304928,-3.126082226070391,-8.881673783887024,0.0799660239238873,0.3283218343304928,-3.827711343765259,-3.126082226070391,-8.881673783887024,-8.881673783887024,0.0,0.0,0.0,0.0,0.0,0.0,0.0,0.0,0.0,0.0,-627.0
1.5438154680014122,0.2894118821660784,-3.244897339775914,-6.898366306355072,0.004072232960372624,0.2894118821660784,-3.786166191101074,-3.244897339775914,-6.898366306355072,-6.898366306355072,0.0,0.0,0.0,0.0,0.0,0.0,0.0,0.0,0.0,0.0,-634.0
1.5592177000071388,0.25063746882931404,-3.3381232479299094,-4.60763564713875,-0.03370822897362458,0.25063746882931404,-3.7628190517425537,-3.3381232479299094,-4.60763564713875,-4.60763564713875,0.0,0.0,0.0,0.0,0.0,0.0,0.0,0.0,0.0,0.0,-634.0
1.5749202439910732,0.20774733507518034,-3.3873403803954214,-1.6527324524503086,-0.10678031245513342,0.20774733507518034,-3.6115517616271973,-3.3873403803954214,-1.6527324524503086,-1.6527324524503086,0.0,0.0,0.0,0.0,0.0,0.0,0.0,0.0,0.0,0.0,-634.0
1.590278549992945,0.16161333597920438,-3.3904673937845975,0.5347894444438168,-0.176702657391286,0.16161333597920438,-3.404712677001953,-3.3904673937845975,0.5347894444438168,0.5347894444438168,0.0,0.0,0.0,0.0,0.0,0.0,0.0,0.0,0.0,0.0,-641.0
1.6056987250049133,0.11703808404196824,-3.3707888222524303,2.8687852901946513,-0.2098470968310968,0.11703808404196824,-3.281141996383667,-3.3707888222524303,2.8687852901946513,2.8687852901946513,0.0,0.0,0.0,0.0,0.0,0.0,0.0,0.0,0.0,0.0,-641.0
1.6211121889937203,0.07035505261024946,-3.302033675448775,5.27218006507556,-0.2719871778890215,0.07035505261024946,-2.9888157844543457,-3.302033675448775,5.27218006507556,5.27218006507556,0.0,0.0,0.0,0.0,0.0,0.0,0.0,0.0,0.0,0.0,-641.0
1.6365001570084132,0.02586919264153982,-3.2084394701759793,8.028617061312985,-0.30036044712899757,0.02586919264153982,-2.7820658683776855,-3.2084394701759793,8.028617061312985,8.028617061312985,0.0,0.0,0.0,0.0,0.0,0.0,0.0,0.0,0.0,0.0,-641.0
1.6517754179949407,-0.019322353208269562,-3.0562874729356606,10.352530737544996,-0.3507270227735384,-0.019322353208269562,-2.3631505966186523,-3.0562874729356606,10.352530737544996,10.352530737544996,0.0,0.0,0.0,0.0,0.0,0.0,0.0,0.0,0.0,0.0,-646.0
1.6671035469917115,-0.0617274753012952,-2.891575430337149,12.580633847743485,-0.3726983706501499,-0.0617274753012952,-2.1412205696105957,-2.891575430337149,12.580633847743485,12.580633847743485,0.0,0.0,0.0,0.0,0.0,0.0,0.0,0.0,0.0,0.0,-646.0
1.6825115040119272,-0.10345737808799263,-2.6693143136232274,14.579644966347061,-0.40947666519044046,-0.10345737808799263,-1.6567914485931396,-2.6693143136232274,14.579644966347061,14.579644966347061,0.0,0.0,0.0,0.0,0.0,0.0,0.0,0.0,0.0,0.0,-646.0
1.6980505980027374,-0.14193002002730745,-2.44033770474612,16.432019754923715,-0.4240627275822828,-0.14193002002730745,-1.3972220420837402,-2.44033770474612,16.432019754923715,16.432019754923715,0.0,0.0,0.0,0.0,0.0,0.0,0.0,0.0,0.0,0.0,-650.0
1.7136138869973365,-0.17833363230358001,-2.1581571843674965,18.049868407666438,-0.44529345566291223,-0.17833363230358001,-0.8726681470870972,-2.1581571843674965,18.049868407666438,18.049868407666438,0.0,0.0,0.0,0.0,0.0,0.0,0.0,0.0,0.0,0.0,-650.0
1.728929433011217,-0.21119364285194447,-1.8829388368219113,19.08359347677746,-0.45216705353995046,-0.21119364285194447,-0.6291663646697998,-1.8829388368219113,19.08359347677746,19.08359347677746,0.0,0.0,0.0,0.0,0.0,0.0,0.0,0.0,0.0,0.0,-650.0
1.7443407319951802,-0.2408985969441292,-1.5715646139218191,19.61145258595809,-0.45873492695348395,-0.2408985969441292,-0.15308204293251038,-1.5715646139218191,19.61145258595809,19.61145258595809,0.0,0.0,0.0,0.0,0.0,0.0,0.0,0.0,0.0,0.0,-650.0
1.7596626949962229,-0.2670330767991291,-1.280109311687519,18.941927416755014,-0.45868592906912786,-0.2670330767991291,0.047631509602069855,-1.280109311687519,18.941927416755014,18.941927416755014,0.0,0.0,0.0,0.0,0.0,0.0,0.0,0.0,0.0,0.0,-652.0
1.775002939015394,-0.28945955095655845,-0.9907662456721141,18.43250024861627,-0.4539203614443741,-0.28945955095655845,0.3273521661758423,-0.9907662456721141,18.43250024861627,18.43250024861627,0.0,0.0,0.0,0.0,0.0,0.0,0.0,0.0,0.0,0.0,-652.0
1.7903410830185749,-0.3080857878728462,-0.7146281143130722,14.78706569572906,-0.44467819192562263,-0.3080857878728462,0.5433344841003418,-0.7146281143130722,14.78706569572906,14.78706569572906,0.0,0.0,0.0,0.0,0.0,0.0,0.0,0.0,0.0,0.0,-652.0
1.8193007039953955,-0.3236952207797383,-0.46226097532943167,13.285035261117855,-0.4381643954302805,-0.3236952207797383,0.6874115467071533,-0.46226097532943167,13.285035261117855,13.285035261117855,0.0,0.0,0.0,0.0,0.0,0.0,0.0,0.0,0.0,0.0,-652.0
1.836710019997554,-0.33399861438923795,-0.18314296423241427,16.50420828478739,-0.4095568341922353,-0.33399861438923795,1.0883946418762207,-0.18314296423241427,16.50420828478739,16.50420828478739,0.0,0.0,0.0,0.0,0.0,0.0,0.0,0.0,0.0,0.0,-652.0
1.8520661730144639,-0.3401544459044743,0.07668508069264049,15.570898851832176,-0.3852972103495409,-0.3401544459044743,1.2603461742401123,0.07668508069264049,15.570898851832176,15.570898851832176,0.0,0.0,0.0,0.0,0.0,0.0,0.0,0.0,0.0,0.0,-652.0
1.86763784501818,-0.3440188138837623,0.29784542163976696,13.887005111409541,-0.3723575123985414,-0.3440188138837623,1.3053536415100098,0.29784542163976696,13.887005111409541,13.887005111409541,0.0,0.0,0.0,0.0,0.0,0.0,0.0,0.0,0.0,0.0,-650.0
1.8830046970106196,-0.3440131621448447,0.5064570068263045,12.524877990313376,-0.34397171605944865,-0.3440131621448447,1.4567986726760864,0.5064570068263045,12.524877990313376,12.524877990313376,0.0,0.0,0.0,0.0,0.0,0.0,0.0,0.0,0.0,0.0,-650.0
1.898490663006669,-0.3422170568464633,0.6840219623181507,11.032524097106336,-0.32904561799166676,-0.3422170568464633,1.4929289817810059,0.6840219623181507,11.032524097106336,11.032524097106336,0.0,0.0,0.0,0.0,0.0,0.0,0.0,0.0,0.0,0.0,-650.0
1.9139095620193984,-0.33693827480651983,0.8474737174901659,9.762493289604649,-0.2982272065136009,-0.33693827480651983,1.5920872688293457,0.8474737174901659,9.762493289604649,9.762493289604649,0.0,0.0,0.0,0.0,0.0,0.0,0.0,0.0,0.0,0.0,-649.0
1.9295471069926862,-0.33034166371210194,0.9868411303983631,8.697161309805054,-0.28196651568637066,-0.33034166371210194,1.6217371225357056,0.9868411303983631,8.697161309805054,8.697161309805054,0.0,0.0,0.0,0.0,0.0,0.0,0.0,0.0,0.0,0.0,-647.0
1.9449957690085284,-0.3205180826437197,1.1179162775248024,7.925686180048274,-0.24847848814225015,-0.3205180826437197,1.715036392211914,1.1179162775248024,7.925686180048274,7.925686180048274,0.0,0.0,0.0,0.0,0.0,0.0,0.0,0.0,0.0,0.0,-647.0
1.960543349996442,-0.3076554052706092,1.2323967041682384,6.954062474880942,-0.2133291045344654,-0.3076554052706092,1.7539186477661133,1.2323967041682384,6.954062474880942,6.954062474880942,0.0,0.0,0.0,0.0,0.0,0.0,0.0,0.0,0.0,0.0,-647.0
1.9760769800050184,-0.2941914092070377,1.3340683720639517,6.226283538080665,-0.19545543807417998,-0.2941914092070377,1.7972393035888672,1.3340683720639517,6.226283538080665,6.226283538080665,0.0,0.0,0.0,0.0,0.0,0.0,0.0,0.0,0.0,0.0,-644.0
1.9914701860107016,-0.27791197334744594,1.4250451334861478,5.015932625583012,-0.1585294437104401,-0.27791197334744594,1.8394948244094849,1.4250451334861478,5.015932625583012,5.015932625583012,0.0,0.0,0.0,0.0,0.0,0.0,0.0,0.0,0.0,0.0,-644.0
2.006983044993831,-0.26143233777010244,1.488876279096703,3.9041917854539676,-0.14058167686958312,-0.26143233777010244,1.7796626091003418,1.488876279096703,3.9041917854539676,3.9041917854539676,0.0,0.0,0.0,0.0,0.0,0.0,0.0,0.0,0.0,0.0,-644.0
2.0229588719957974,-0.24475657903378337,1.5477851536261422,3.1180004023232115,-0.12246768163411015,-0.24475657903378337,1.816147804260254,1.5477851536261422,3.1180004023232115,3.1180004023232115,0.0,0.0,0.0,0.0,0.0,0.0,0.0,0.0,0.0,0.0,-644.0
2.038335115998052,-0.2257909210195126,1.587302011970446,2.150320102597135,-0.08670942891486022,-0.2257909210195126,1.7673232555389404,1.587302011970446,2.150320102597135,2.150320102597135,0.0,0.0,0.0,0.0,0.0,0.0,0.0,0.0,0.0,0.0,-641.0
2.053717922011856,-0.20490696788653515,1.613921448224274,1.0177527442193366,-0.05175797824470041,-0.20490696788653515,1.7351877689361572,1.613921448224274,1.0177527442193366,1.0177527442193366,0.0,0.0,0.0,0.0,0.0,0.0,0.0,0.0,0.0,0.0,-641.0
2.069085686991457,-0.184526708005454,1.6186199194187523,-0.18499979866388827,-0.03507146887752555,-0.184526708005454,1.6400240659713745,1.6186199194187523,-0.18499979866388827,-0.18499979866388827,0.0,0.0,0.0,0.0,0.0,0.0,0.0,0.0,0.0,0.0,-641.0
2.0844671230006497,-0.16286000977692827,1.6082194285507574,-1.266978006934842,-0.003970889434406155,-0.16286000977692827,1.5608394145965576,1.6082194285507574,-1.266978006934842,-1.266978006934842,0.0,0.0,0.0,0.0,0.0,0.0,0.0,0.0,0.0,0.0,-638.0
2.0999359720153734,-0.1420131070237345,1.5794297049711916,-2.3716464032087075,0.010864179833020016,-0.1420131070237345,1.4482765197753906,1.5794297049711916,-2.3716464032087075,-2.3716464032087075,0.0,0.0,0.0,0.0,0.0,0.0,0.0,0.0,0.0,0.0,-638.0
2.115879616991151,-0.12038561951138854,1.5332278895400002,-3.1166950774640796,0.038215955579148364,-0.12038561951138854,1.3227529525756836,1.5332278895400002,-3.1166950774640796,-3.1166950774640796,0.0,0.0,0.0,0.0,0.0,0.0,0.0,0.0,0.0,0.0,-638.0
2.131263551011216,-0.09982650968581848,1.4820319064635108,-4.490220370131915,0.05094029570169534,-0.09982650968581848,1.2488057613372803,1.4820319064635108,-4.490220370131915,-4.490220370131915,0.0,0.0,0.0,0.0,0.0,0.0,0.0,0.0,0.0,0.0,-636.0
2.14671820399235,-0.07912038891550051,1.3945910620198665,-6.279016370717066,0.0727244967334979,-0.07912038891550051,0.9962494373321533,1.3945910620198665,-6.279016370717066,-6.279016370717066,0.0,0.0,0.0,0.0,0.0,0.0,0.0,0.0,0.0,0.0,-635.0
2.1620272569998633,-0.05878567096897694,1.2890461106851632,-6.814265460533491,0.09033559397219593,-0.05878567096897694,0.8082302212715149,1.2890461106851632,-6.814265460533491,-6.814265460533491,0.0,0.0,0.0,0.0,0.0,0.0,0.0,0.0,0.0,0.0,-635.0
2.177442896005232,-0.04033125859699421,1.1852419714330682,-7.237622358543568,0.09500109879754581,-0.04033125859699421,0.712356448173523,1.1852419714330682,-7.237622358543568,-7.237622358543568,0.0,0.0,0.0,0.0,0.0,0.0,0.0,0.0,0.0,0.0,-635.0
2.193197857995983,-0.02267994337043882,1.0630993166529359,-8.030934400889048,0.10676303495763406,-0.02267994337043882,0.506671667098999,1.0630993166529359,-8.030934400889048,-8.030934400889048,0.0,0.0,0.0,0.0,0.0,0.0,0.0,0.0,0.0,0.0,-634.0
2.208627559011802,-0.006667910071513496,0.9349791520386778,-9.127342245330588,0.11075366745393889,-0.006667910071513496,0.35132062435150146,0.9349791520386778,-9.127342245330588,-9.127342245330588,0.0,0.0,0.0,0.0,0.0,0.0,0.0,0.0,0.0,0.0,-634.0
2.224019674002193,0.007844826028676324,0.781839909564542,-9.585521836945784,0.11427155743006834,0.007844826028676324,0.08420558273792267,0.781839909564542,-9.585521836945784,-9.585521836945784,0.0,0.0,0.0,0.0,0.0,0.0,0.0,0.0,0.0,0.0,-634.0
2.239808265992906,0.020623042291133854,0.636387899172397,-9.489410796204748,0.11432996154915576,0.020623042291133854,-0.026226814836263657,0.636387899172397,-9.489410796204748,-9.489410796204748,0.0,0.0,0.0,0.0,0.0,0.0,0.0,0.0,0.0,0.0,-634.0
2.2554571939981543,0.031528397159755535,0.48359338165791343,-9.885301616208343,0.11150099952964787,0.031528397159755535,-0.21247053146362305,0.48359338165791343,-9.885301616208343,-9.885301616208343,0.0,0.0,0.0,0.0,0.0,0.0,0.0,0.0,0.0,0.0,-633.0
2.2709546530095395,0.039983006457939535,0.32853306940800586,-9.209695527741442,0.10198347464462221,0.039983006457939535,-0.37785279750823975,0.32853306940800586,-9.209695527741442,-9.209695527741442,0.0,0.0,0.0,0.0,0.0,0.0,0.0,0.0,0.0,0.0,-633.0
2.286343087005662,0.046956762079717454,0.1989707893283908,-7.41960140364124,0.09809763663942217,0.046956762079717454,-0.3912573754787445,0.1989707893283908,-7.41960140364124,-7.41960140364124,0.0,0.0,0.0,0.0,0.0,0.0,0.0,0.0,0.0,0.0,-633.0
2.3017885090084746,0.05221065329614533,0.0998723188881507,-5.651139712759576,0.09073918888328314,0.05221065329614533,-0.3515762686729431,0.0998723188881507,-5.651139712759576,-5.651139712759576,0.0,0.0,0.0,0.0,0.0,0.0,0.0,0.0,0.0,0.0,-633.0
2.3171889730147086,0.05644288350445079,0.024587701109293397,-4.2998844785123245,0.08747923836535754,0.05644288350445079,-0.3183755576610565,0.024587701109293397,-4.2998844785123245,-4.2998844785123245,0.0,0.0,0.0,0.0,0.0,0.0,0.0,0.0,0.0,0.0,-633.0
2.3327816480014008,0.05945665922384823,-0.03316692343876808,-3.371449227059668,0.08155768116609607,0.05945665922384823,-0.29627132415771484,-0.03316692343876808,-3.371449227059668,-3.371449227059668,0.0,0.0,0.0,0.0,0.0,0.0,0.0,0.0,0.0,0.0,-633.0
2.348352760018315,0.06175602799620125,-0.08049375436555703,-3.170787202762332,0.07861806566012342,0.06175602799620125,-0.29609376192092896,-0.08049375436555703,-3.170787202762332,-3.170787202762332,0.0,0.0,0.0,0.0,0.0,0.0,0.0,0.0,0.0,0.0,-633.0
2.3638531420147046,0.06298281744186099,-0.13166947513737395,-3.1765792159925432,0.07197927337669907,0.06298281744186099,-0.3648033142089844,-0.13166947513737395,-3.1765792159925432,-3.1765792159925432,0.0,0.0,0.0,0.0,0.0,0.0,0.0,0.0,0.0,0.0,-633.0
2.3793864239996765,0.06350891039376402,-0.17906641271643692,-2.8354654039880893,0.06736692537438627,0.06350891039376402,-0.39498579502105713,-0.17906641271643692,-2.8354654039880893,-2.8354654039880893,0.0,0.0,0.0,0.0,0.0,0.0,0.0,0.0,0.0,0.0,-633.0
2.3947320590086747,0.06300374309012342,-0.21930609376912258,-2.1201924975091213,0.059299182863425726,0.06300374309012342,-0.40262019634246826,-0.21930609376912258,-2.1201924975091213,-2.1201924975091213,0.0,0.0,0.0,0.0,0.0,0.0,0.0,0.0,0.0,0.0,-633.0
2.4105270309955813,0.0616644220871701,-0.24463272680820675,-1.4086442085379538,0.05184273473217904,0.0616644220871701,-0.3600096106529236,-0.24463272680820675,-1.4086442085379538,-1.4086442085379538,0.0,0.0,0.0,0.0,0.0,0.0,0.0,0.0,0.0,0.0,-634.0
2.4259450120152906,0.060068620585527005,-0.2634191751856104,-0.9113852345682876,0.04836607624014433,0.060068620585527005,-0.3490018844604492,-0.2634191751856104,-0.9113852345682876,-0.9113852345682876,0.0,0.0,0.0,0.0,0.0,0.0,0.0,0.0,0.0,0.0,-634.0
2.441255932004424,0.05789691356024677,-0.2727041201899813,-0.40782249914908064,0.04197106204152501,0.05789691356024677,-0.3150022029876709,-0.2727041201899813,-0.40782249914908064,-0.40782249914908064,0.0,0.0,0.0,0.0,0.0,0.0,0.0,0.0,0.0,0.0,-634.0
2.456579215009697,0.055631977865159735,-0.27590757974291846,0.16210135425582273,0.03902244943452149,0.055631977865159735,-0.29050111770629883,-0.27590757974291846,0.16210135425582273,0.16210135425582273,0.0,0.0,0.0,0.0,0.0,0.0,0.0,0.0,0.0,0.0,-634.0
2.471959426999092,0.05316738120693606,-0.2676847040852915,0.6460305469180518,0.035093672379962415,0.05316738120693606,-0.23022493720054626,-0.2676847040852915,0.6460305469180518,0.6460305469180518,0.0,0.0,0.0,0.0,0.0,0.0,0.0,0.0,0.0,0.0,-634.0
2.4873936389922164,0.05075049239002251,-0.25598846925942387,0.917353864320333,0.03302664106598985,0.05075049239002251,-0.20270562171936035,-0.25598846925942387,0.917353864320333,0.917353864320333,0.0,0.0,0.0,0.0,0.0,0.0,0.0,0.0,0.0,0.0,-634.0
2.502854198013665,0.04821090375582121,-0.2393348524370948,1.0273018105954828,0.029587253771678368,0.04821090375582121,-0.1634683758020401,-0.2393348524370948,1.0273018105954828,1.0273018105954828,0.0,0.0,0.0,0.0,0.0,0.0,0.0,0.0,0.0,0.0,-634.0
2.5181580240023322,0.04578965492819123,-0.22436860876354683,0.8839487318310972,0.02803383019223804,0.04578965492819123,-0.15618905425071716,-0.22436860876354683,0.8839487318310972,0.8839487318310972,0.0,0.0,0.0,0.0,0.0,0.0,0.0,0.0,0.0,0.0,-635.0
2.533518140000524,0.04329387380570689,-0.212240100951989,0.6312416183245597,0.024991478907488318,0.04329387380570689,-0.1569880098104477,-0.212240100951989,0.6312416183245597,0.6312416183245597,0.0,0.0,0.0,0.0,0.0,0.0,0.0,0.0,0.0,0.0,-635.0
2.548972301010508,0.0408986456270161,-0.20494723346098226,0.20419311809379792,0.023333638983283667,0.0408986456270161,-0.17172417044639587,-0.20494723346098226,0.20419311809379792,0.20419311809379792,0.0,0.0,0.0,0.0,0.0,0.0,0.0,0.0,0.0,0.0,-635.0
2.564393492997624,0.03832578126170581,-0.20591793290313531,-0.18328511605005193,0.019458109249430366,0.03832578126170581,-0.2103400081396103,-0.20591793290313531,-0.18328511605005193,-0.18328511605005193,0.0,0.0,0.0,0.0,0.0,0.0,0.0,0.0,0.0,0.0,-635.0
2.579844365012832,0.035462524986455905,-0.21061277351637572,-0.2967611582007539,0.01446531230128989,0.035462524986455905,-0.23200038075447083,-0.21061277351637572,-0.2967611582007539,-0.2967611582007539,0.0,0.0,0.0,0.0,0.0,0.0,0.0,0.0,0.0,0.0,-635.0
2.5956253290059976,0.0323747424086626,-0.21518159477636328,0.04313550368705865,0.009731003504845015,0.0323747424086626,-0.2359951138496399,-0.21518159477636328,0.04313550368705865,0.04313550368705865,0.0,0.0,0.0,0.0,0.0,0.0,0.0,0.0,0.0,0.0,-635.0
2.6114380770013668,0.029171068102737154,-0.2092287956312755,0.5766665521838705,0.0056774565259505305,0.029171068102737154,-0.1821104884147644,-0.2092287956312755,0.5766665521838705,0.5766665521838705,0.0,0.0,0.0,0.0,0.0,0.0,0.0,0.0,0.0,0.0,-635.0
2.6267187079938594,0.026170703822259635,-0.19746056927055883,1.1832149910179615,0.004168032432091184,0.026170703822259635,-0.14384976029396057,-0.19746056927055883,1.1832149910179615,1.1832149910179615,0.0,0.0,0.0,0.0,0.0,0.0,0.0,0.0,0.0,0.0,-635.0
2.642105659004301,0.02331237890298906,-0.1728543110281709,1.6896498767444204,0.002351329495004828,0.02331237890298906,-0.06075913459062576,-0.1728543110281709,1.6896498767444204,1.6896498767444204,0.0,0.0,0.0,0.0,0.0,0.0,0.0,0.0,0.0,0.0,-635.0
2.6577703980146907,0.020765631392727496,-0.14494335948667886,1.8501858849615926,0.0020894829841426876,0.020765631392727496,-0.01779346913099289,-0.14494335948667886,1.8501858849615926,1.8501858849615926,0.0,0.0,0.0,0.0,0.0,0.0,0.0,0.0,0.0,0.0,-635.0
2.673205400002189,0.01854040564544834,-0.115345214323485,1.591853536817915,0.0022220834987345395,0.01854040564544834,0.01949078030884266,-0.115345214323485,1.591853536817915,1.591853536817915,0.0,0.0,0.0,0.0,0.0,0.0,0.0,0.0,0.0,0.0,-635.0
2.6886896530049853,0.016774305457836584,-0.09575657186121043,1.1791957790970846,0.00382290408201702,0.016774305457836584,-0.0065194228664040565,-0.09575657186121043,1.1791957790970846,1.1791957790970846,0.0,0.0,0.0,0.0,0.0,0.0,0.0,0.0,0.0,0.0,-636.0
2.7041860570025165,0.015204709421650218,-0.07881504205455948,1.0335885427273905,0.0036943384896168663,0.015204709421650218,-0.001636961824260652,-0.07881504205455948,1.0335885427273905,1.0335885427273905,0.0,0.0,0.0,0.0,0.0,0.0,0.0,0.0,0.0,0.0,-636.0
2.7197504170180764,0.013831829209388637,-0.06366064929564066,0.8033892595043488,0.0037640409861370294,0.013831829209388637,0.005376028828322887,-0.06366064929564066,0.8033892595043488,0.8033892595043488,0.0,0.0,0.0,0.0,0.0,0.0,0.0,0.0,0.0,0.0,-636.0
2.7351769219967537,0.012619971893373478,-0.05387057655231555,0.6447948526173628,0.0037330182425956426,0.012619971893373478,-0.009271356277167797,-0.05387057655231555,0.6447948526173628,0.6447948526173628,0.0,0.0,0.0,0.0,0.0,0.0,0.0,0.0,0.0,0.0,-636.0
2.750581411004532,0.01155423992594692,-0.04378143047384568,0.5721112508623394,0.0037388721648188294,0.01155423992594692,0.002180234994739294,-0.04378143047384568,0.5721112508623394,0.5721112508623394,0.0,0.0,0.0,0.0,0.0,0.0,0.0,0.0,0.0,0.0,-636.0
2.765949188004015,0.010618708437824748,-0.03625934196332407,0.42005059268575917,0.0037581441915954805,0.010618708437824748,-0.0019920498598366976,-0.03625934196332407,0.42005059268575917,0.42005059268575917,0.0,0.0,0.0,0.0,0.0,0.0,0.0,0.0,0.0,0.0,-636.0
2.7813053890131414,0.009781880885053476,-0.030874198676018275,0.3659312661979409,0.0036451454980641618,0.009781880885053476,-0.00634187925606966,-0.030874198676018275,0.3659312661979409,0.3659312661979409,0.0,0.0,0.0,0.0,0.0,0.0,0.0,0.0,0.0,0.0,-636.0
2.7969043939956464,0.009047527113981789,-0.024924400531462883,0.3022975057167936,0.0036622661261227485,0.009047527113981789,0.0021802354604005814,-0.024924400531462883,0.3022975057167936,0.3022975057167936,0.0,0.0,0.0,0.0,0.0,0.0,0.0,0.0,0.0,0.0,-636.0
2.812554739008192,0.00840116128180663,-0.021435735958426086,0.21740824077630927,0.0036611451791888072,0.00840116128180663,-0.00554293068125844,-0.021435735958426086,0.21740824077630927,0.21740824077630927,0.0,0.0,0.0,0.0,0.0,0.0,0.0,0.0,0.0,0.0,-636.0
2.8284749209997244,0.007830064833303922,-0.018063704153487372,0.19814351566034538,0.003642024210950723,0.007830064833303922,-0.0027022259309887886,-0.018063704153487372,0.19814351566034538,0.19814351566034538,0.0,0.0,0.0,0.0,0.0,0.0,0.0,0.0,0.0,0.0,-636.0
2.8438581340014935,0.007331387828848711,-0.01521874323923957,0.1505035490663892,0.0036744231295104957,0.007331387828848711,-0.0022583657409995794,-0.01521874323923957,0.1505035490663892,0.1505035490663892,0.0,0.0,0.0,0.0,0.0,0.0,0.0,0.0,0.0,0.0,-636.0
2.8592914910113905,0.006889495372928584,-0.01342916012019365,0.1331669819164853,0.003648950696180986,0.006889495372928584,-0.005276614800095558,-0.01342916012019365,0.1331669819164853,0.1331669819164853,0.0,0.0,0.0,0.0,0.0,0.0,0.0,0.0,0.0,0.0,-636.0
2.874781382997753,0.006509865411036036,-0.011098837837056003,0.12535297013813052,0.003725912357157357,0.006509865411036036,-0.0004829252138733864,-0.011098837837056003,0.12535297013813052,0.12535297013813052,0.0,0.0,0.0,0.0,0.0,0.0,0.0,0.0,0.0,0.0,-636.0
2.8901421040063724,0.006176773738333465,-0.009555489760284681,0.09397362463664766,0.0037341014718479393,0.006176773738333465,-0.002524681854993105,-0.009555489760284681,0.09397362463664766,0.09397362463664766,0.0,0.0,0.0,0.0,0.0,0.0,0.0,0.0,0.0,0.0,-636.0
2.9055248479999136,0.005880846202649607,-0.008210049503134139,0.07427580672790374,0.003710710940967976,0.005880846202649607,-0.0020808216650038958,-0.008210049503134139,0.07427580672790374,0.07427580672790374,0.0,0.0,0.0,0.0,0.0,0.0,0.0,0.0,0.0,0.0,-636.0
2.9220090190065093,0.005622153341720486,-0.0072186412601479765,0.0509807178153833,0.0037250723615736003,0.005622153341720486,-0.0027022259309887886,-0.0072186412601479765,0.0509807178153833,0.0509807178153833,0.0,0.0,0.0,0.0,0.0,0.0,0.0,0.0,0.0,0.0,-636.0
2.9374055250082165,0.005392598003952275,-0.0065654761692954386,0.05635106889819408,0.0037091921936520666,0.005392598003952275,-0.003589946310967207,-0.0065654761692954386,0.05635106889819408,0.05635106889819408,0.0,0.0,0.0,0.0,0.0,0.0,0.0,0.0,0.0,0.0,-636.0
2.952953850006452,0.005190846342955717,-0.005470616997319469,0.053861812398310255,0.0037113341623142837,0.005190846342955717,-0.0004829252138733864,-0.005470616997319469,0.053861812398310255,0.053861812398310255,0.0,0.0,0.0,0.0,0.0,0.0,0.0,0.0,0.0,0.0,-636.0
2.9684130730165634,0.005013264038472115,-0.00489241177118189,0.03496842443676573,0.0037109938055923664,0.005013264038472115,-0.0022583657409995794,-0.00489241177118189,0.03496842443676573,0.03496842443676573,0.0,0.0,0.0,0.0,0.0,0.0,0.0,0.0,0.0,0.0,-636.0
2.983976071991492,0.004855200979457285,-0.004386325552069852,0.03232708795408948,0.003696071880015195,0.004855200979457285,-0.0020808216650038958,-0.004386325552069852,0.03232708795408948,0.03232708795408948,0.0,0.0,0.0,0.0,0.0,0.0,0.0,0.0,0.0,0.0,-636.0
2.9993750099965837,0.004716908812203438,-0.003891440018199922,0.01786787806719542,0.0037027662523418936,0.004716908812203438,-0.0016369614750146866,-0.003891440018199922,0.01786787806719542,0.01786787806719542,0.0,0.0,0.0,0.0,0.0,0.0,0.0,0.0,0.0,0.0,-636.0
3.014879643014865,0.00459399841486259,-0.0038371711508980335,0.01670131473839541,0.003692655501029707,0.00459399841486259,-0.003589946310967207,-0.0038371711508980335,0.01670131473839541,0.01670131473839541,0.0,0.0,0.0,0.0,0.0,0.0,0.0,0.0,0.0,0.0,-636.0
3.0302989179908764,0.004486535767339548,-0.003377217541880585,0.015572381774886637,0.0036984763521705766,0.004486535767339548,-0.0012818733230233192,-0.003377217541880585,0.015572381774886637,0.015572381774886637,0.0,0.0,0.0,0.0,0.0,0.0,0.0,0.0,0.0,0.0,-636.0
3.046496291994117,0.0043915090997326215,-0.003367571777887827,0.011236484026892327,0.003694646870615159,0.0043915090997326215,-0.003323629964143038,-0.003367571777887827,0.011236484026892327,0.011236484026892327,0.0,0.0,0.0,0.0,0.0,0.0,0.0,0.0,0.0,0.0,-636.0
3.0618531389918644,0.0043071008629188105,-0.0030400829565310505,0.009228958422622224,0.0036881071262842013,0.0043071008629188105,-0.0015481894370168447,-0.0030400829565310505,0.009228958422622224,0.009228958422622224,0.0,0.0,0.0,0.0,0.0,0.0,0.0,0.0,0.0,0.0,-636.0
3.077667122997809,0.004232542753235076,-0.0030911214179012085,0.0012354503458611305,0.0036857832822210224,0.004232542753235076,-0.003323629964143038,-0.0030911214179012085,0.0012354503458611305,0.0012354503458611305,0.0,0.0,0.0,0.0,0.0,0.0,0.0,0.0,0.0,0.0,-636.0
3.093069652997656,0.004166111527291951,-0.0030051412634173615,0.007516042864400538,0.0036789492037090366,0.004166111527291951,-0.0026134538929909468,-0.0030051412634173615,0.007516042864400538,0.007516042864400538,0.0,0.0,0.0,0.0,0.0,0.0,0.0,0.0,0.0,0.0,-636.0
3.1088959480111953,0.004107712120154022,-0.0028547427025425493,0.00664008786148465,0.0036794498011425425,0.004107712120154022,-0.0021695937030017376,-0.0028547427025425493,0.00664008786148465,0.00664008786148465,0.0,0.0,0.0,0.0,0.0,0.0,0.0,0.0,0.0,0.0,-636.0
3.1243489219923504,0.004054403553722337,-0.0027953317499836493,0.00020591418022782026,0.003663474066556649,0.004054403553722337,-0.002524681854993105,-0.0027953317499836493,0.00020591418022782026,0.00020591418022782026,0.0,0.0,0.0,0.0,0.0,0.0,0.0,0.0,0.0,0.0,-636.0
3.1411665659979917,0.004006517977696864,-0.002858467536762632,-0.0008800929176857458,0.0036553570868433916,0.004006517977696864,-0.0031460861209779978,-0.002858467536762632,-0.0008800929176857458,-0.0008800929176857458,0.0,0.0,0.0,0.0,0.0,0.0,0.0,0.0,0.0,0.0,-636.0
3.156825732003199,0.003964043239012257,-0.0028303440477233403,-0.0028122532256395633,0.0036525618219918066,0.003964043239012257,-0.0027022259309887886,-0.0028303440477233403,-0.0028122532256395633,-0.0028122532256395633,0.0,0.0,0.0,0.0,0.0,0.0,0.0,0.0,0.0,0.0,-636.0
3.1728597969922703,0.003928933032464696,-0.002951093530177141,-0.00590946397592175,0.00367145818444925,0.003928933032464696,-0.0035011745058000088,-0.002951093530177141,-0.00590946397592175,-0.00590946397592175,0.0,0.0,0.0,0.0,0.0,0.0,0.0,0.0,0.0,0.0,-636.0
3.1882713020022493,0.0038971309854076265,-0.0030181500882910024,0.0037532695729642213,0.0036639159736557847,0.0038971309854076265,-0.003323629964143038,-0.0030181500882910024,0.0037532695729642213,0.0037532695729642213,0.0,0.0,0.0,0.0,0.0,0.0,0.0,0.0,0.0,0.0,-636.0
3.2037804650026374,0.0038685762269869404,-0.0028334520052597117,0.010835560141180853,0.003659174665235243,0.0038685762269869404,-0.001992049627006054,-0.0028334520052597117,0.010835560141180853,0.010835560141180853,0.0,0.0,0.0,0.0,0.0,0.0,0.0,0.0,0.0,0.0,-636.0
3.2192953290068544,0.0038440589591025843,-0.002681999619083569,0.006822241004009688,0.003664265661283972,0.0038440589591025843,-0.0019920498598366976,-0.002681999619083569,0.006822241004009688,0.006822241004009688,0.0,0.0,0.0,0.0,0.0,0.0,0.0,0.0,0.0,0.0,-636.0
3.2348478340136353,0.003821825471112308,-0.002621724487868063,0.0034837900504141733,0.00365877989251695,0.003821825471112308,-0.0023471377789974213,-0.002621724487868063,0.0034837900504141733,0.0034837900504141733,0.0,0.0,0.0,0.0,0.0,0.0,0.0,0.0,0.0,0.0,-636.0
3.2508979529957287,0.0038006562477742555,-0.0025722988802713478,0.010804984335229834,0.0036454152766285386,0.0038006562477742555,-0.0023471377789974213,-0.0025722988802713478,0.010804984335229834,0.010804984335229834,0.0,0.0,0.0,0.0,0.0,0.0,0.0,0.0,0.0,0.0,-636.0
3.2662847860192414,0.0037824030819195776,-0.002292085421357384,0.011898573585257269,0.0036485465323186084,0.0037824030819195776,-0.0010155574418604374,-0.002292085421357384,0.011898573585257269,0.011898573585257269,0.0,0.0,0.0,0.0,0.0,0.0,0.0,0.0,0.0,0.0,-636.0
3.2816506439994555,0.0037586342192533055,-0.0022061210866044373,0.0035350065629074084,0.003584329226367311,0.0037586342192533055,-0.001814505783841014,-0.0022061210866044373,0.0035350065629074084,0.0035350065629074084,0.0,0.0,0.0,0.0,0.0,0.0,0.0,0.0,0.0,0.0,-636.0
3.297210894001182,0.0037376258648460768,-0.00218356719071634,-0.001219137152782379,0.0035835645991930676,0.0037376258648460768,-0.0020808216650038958,-0.00218356719071634,-0.001219137152782379,-0.001219137152782379,0.0,0.0,0.0,0.0,0.0,0.0,0.0,0.0,0.0,0.0,-636.0
3.3129089240101166,0.0037136389486687946,-0.0022449678302861576,-0.0014871121379030766,0.0035377348967020605,0.0037136389486687946,-0.002524681854993105,-0.0022449678302861576,-0.0014871121379030766,-0.0014871121379030766,0.0,0.0,0.0,0.0,0.0,0.0,0.0,0.0,0.0,0.0,-636.0
3.3282611739996355,0.00368824725802337,-0.002231400487374962,0.00028704279981493774,0.0035020415266235894,0.00368824725802337,-0.0021695937030017376,-0.002231400487374962,0.00028704279981493774,0.00028704279981493774,0.0,0.0,0.0,0.0,0.0,0.0,0.0,0.0,0.0,0.0,-636.0
3.343723140016664,0.0036740717570223113,-0.0022362542330273934,-0.0018376784025435772,0.0035701180830145507,0.0036740717570223113,-0.0022583657409995794,-0.0022362542330273934,-0.0018376784025435772,-0.0018376784025435772,0.0,0.0,0.0,0.0,0.0,0.0,0.0,0.0,0.0,0.0,-636.0
3.3591733280045446,0.003663156761911683,-0.0022881712049812215,-0.0030485463833924142,0.0035831134644337403,0.003663156761911683,-0.002524681854993105,-0.0022881712049812215,-0.0030485463833924142,-0.0030485463833924142,0.0,0.0,0.0,0.0,0.0,0.0,0.0,0.0,0.0,0.0,-636.0
3.3747422519954853,0.0036582440941281976,-0.0023307431219833606,-0.0009363310166066868,0.0036222178637159708,0.0036582440941281976,-0.002524681854993105,-0.0023307431219833606,-0.0009363310166066868,-0.0009363310166066868,0.0,0.0,0.0,0.0,0.0,0.0,0.0,0.0,0.0,0.0,-636.0
3.3901641170086805,0.0036405457443760315,-0.0023177151934062803,-0.010258860198090552,0.0035107578461934796,0.0036405457443760315,-0.0022583657409995794,-0.0023177151934062803,-0.010258860198090552,-0.010258860198090552,0.0,0.0,0.0,0.0,0.0,0.0,0.0,0.0,0.0,0.0,-636.0
3.4064142270071898,0.003644198232696275,-0.0026745484454651076,-0.0056746415056944804,0.0036709831470447263,0.003644198232696275,-0.004300122149288654,-0.0026745484454651076,-0.0056746415056944804,-0.0056746415056944804,0.0,0.0,0.0,0.0,0.0,0.0,0.0,0.0,0.0,0.0,-636.0
3.4219931830011774,0.003649954144560926,-0.0025197407244632554,0.0023043032210161157,0.003692164164901701,0.003649954144560926,-0.0018145055510103703,-0.0025197407244632554,0.0023043032210161157,0.0023043032210161157,0.0,0.0,0.0,0.0,0.0,0.0,0.0,0.0,0.0,0.0,-636.0
3.4373992510081735,0.003662185830454489,-0.002600525004066202,-0.0021861277394608497,0.003751884860340615,0.003662185830454489,-0.0029685422778129578,-0.002600525004066202,-0.0021861277394608497,-0.0021861277394608497,0.0,0.0,0.0,0.0,0.0,0.0,0.0,0.0,0.0,0.0,-636.0
3.4528628650004975,0.0036854219684648694,-0.002586873237233045,0.00028426217978783086,0.0038558203138743252,0.0036854219684648694,-0.002524681854993105,-0.002586873237233045,0.00028426217978783086,0.00028426217978783086,0.0,0.0,0.0,0.0,0.0,0.0,0.0,0.0,0.0,0.0,-636.0
3.46824314200785,0.003706992697994419,-0.0025916577552694674,0.0026875943110071104,0.003865178047877782,0.003706992697994419,-0.0026134538929909468,-0.0025916577552694674,0.0026875943110071104,0.0026875943110071104,0.0,0.0,0.0,0.0,0.0,0.0,0.0,0.0,0.0,0.0,-636.0
3.484135000995593,0.003728475590099557,-0.0024997072590216647,0.00011053094970234212,0.003886016798870573,0.003728475590099557,-0.0020808216650038958,-0.0024997072590216647,0.00011053094970234212,0.00011053094970234212,0.0,0.0,0.0,0.0,0.0,0.0,0.0,0.0,0.0,0.0,-636.0
3.499662595015252,0.0037534396905420913,-0.0025840975624040977,0.00024562461260010937,0.00393650976045401,0.0037534396905420913,-0.0029685422778129578,-0.0025840975624040977,0.00024562461260010937,0.00024562461260010937,0.0,0.0,0.0,0.0,0.0,0.0,0.0,0.0,0.0,0.0,-636.0
3.5150666260160506,0.0037880894824927477,-0.0024935079008720617,0.0062801258831661905,0.0040421879567975605,0.0037880894824927477,-0.0020808216650038958,-0.0024935079008720617,0.0062801258831661905,0.0062801258831661905,0.0,0.0,0.0,0.0,0.0,0.0,0.0,0.0,0.0,0.0,-636.0
3.5309434670198243,0.0038186545668258323,-0.0023872664447365686,0.006135127615470429,0.004042798518601787,0.0038186545668258323,-0.001903277589008212,-0.0023872664447365686,0.006135127615470429,0.006135127615470429,0.0,0.0,0.0,0.0,0.0,0.0,0.0,0.0,0.0,0.0,-636.0
3.546531486004824,0.0038292469602013326,-0.0023001484507054644,0.000505382851672842,0.003906924511621668,0.0038292469602013326,-0.001903277589008212,-0.0023001484507054644,0.000505382851672842,0.000505382851672842,0.0,0.0,0.0,0.0,0.0,0.0,0.0,0.0,0.0,0.0,-636.0
3.5622238620126154,0.0038381597499624856,-0.002372522397156463,-0.0026597283303092384,0.003903520208210942,0.0038381597499624856,-0.0027022259309887886,-0.002372522397156463,-0.0026597283303092384,-0.0026597283303092384,0.0,0.0,0.0,0.0,0.0,0.0,0.0,0.0,0.0,0.0,-636.0
3.5776616689981893,0.003849175369984301,-0.0023839322165464787,-0.00522466523825392,0.003929956583477612,0.003849175369984301,-0.0024359102826565504,-0.0023839322165464787,-0.00522466523825392,-0.00522466523825392,0.0,0.0,0.0,0.0,0.0,0.0,0.0,0.0,0.0,0.0,-636.0
3.5933281760080718,0.003865738681752757,-0.00253709892809328,-0.006862954072133484,0.0039872029680547705,0.003865738681752757,-0.0032348583918064833,-0.00253709892809328,-0.006862954072133484,-0.006862954072133484,0.0,0.0,0.0,0.0,0.0,0.0,0.0,0.0,0.0,0.0,-636.0
3.6088172960153315,0.003881148971239043,-0.0025987797222936948,-0.0030934014913832214,0.003994157760805139,0.003881148971239043,-0.0028797700069844723,-0.0025987797222936948,-0.0030934014913832214,-0.0030934014913832214,0.0,0.0,0.0,0.0,0.0,0.0,0.0,0.0,0.0,0.0,-636.0
3.624655163002899,0.003897399175053707,-0.0026333789647889076,-0.003477078078797796,0.004016567336361243,0.003897399175053707,-0.002790997736155987,-0.0026333789647889076,-0.003477078078797796,-0.003477078078797796,0.0,0.0,0.0,0.0,0.0,0.0,0.0,0.0,0.0,0.0,-636.0
3.640619597019395,0.003917030954495502,-0.0027096872860633324,-0.003865376777932472,0.004060997337068661,0.003917030954495502,-0.003057314082980156,-0.0027096872860633324,-0.003865376777932472,-0.003865376777932472,0.0,0.0,0.0,0.0,0.0,0.0,0.0,0.0,0.0,0.0,-636.0
3.656332956015831,0.003937629770891126,-0.002756281184578265,-0.0016768553421786514,0.004088687757792364,0.003937629770891126,-0.0029685422778129578,-0.002756281184578265,-0.0016768553421786514,-0.0016768553421786514,0.0,0.0,0.0,0.0,0.0,0.0,0.0,0.0,0.0,0.0,-636.0
3.6718829600140452,0.003956133747414844,-0.0027625301638622554,0.004199784259470235,0.004091829575255446,0.003956133747414844,-0.002790997736155987,-0.0027625301638622554,0.004199784259470235,0.004199784259470235,0.0,0.0,0.0,0.0,0.0,0.0,0.0,0.0,0.0,0.0,-636.0
3.6875686600105837,0.00397985543670217,-0.0026238436672281393,0.006007027205009341,0.004153814491475893,0.00397985543670217,-0.001992049627006054,-0.0026238436672281393,0.006007027205009341,0.006007027205009341,0.0,0.0,0.0,0.0,0.0,0.0,0.0,0.0,0.0,0.0,-636.0
3.7033976330130827,0.004006845590171281,-0.0025740366073466105,0.002833942480318114,0.004204773382278093,0.004006845590171281,-0.0023471377789974213,-0.0025740366073466105,0.002833942480318114,0.002833942480318114,0.0,0.0,0.0,0.0,0.0,0.0,0.0,0.0,0.0,0.0,-636.0
3.73691607901128,0.004030996998174653,-0.002501236884564533,0.001881493262694739,0.004208107323532717,0.004030996998174653,-0.0021695937030017376,-0.002501236884564533,0.001881493262694739,0.001881493262694739,0.0,0.0,0.0,0.0,0.0,0.0,0.0,0.0,0.0,0.0,-636.0
3.7528239820094313,0.004062322055918486,-0.002473499045562453,-0.0031295600383533934,0.004292039146039928,0.004062322055918486,-0.0023471377789974213,-0.002473499045562453,-0.0031295600383533934,-0.0031295600383533934,0.0,0.0,0.0,0.0,0.0,0.0,0.0,0.0,0.0,0.0,-636.0
3.7682414110167883,0.004093931735248792,-0.002594564719137251,0.00046190023227976607,0.004325736050337703,0.004093931735248792,-0.0031460861209779978,-0.002594564719137251,0.00046190023227976607,0.00046190023227976607,0.0,0.0,0.0,0.0,0.0,0.0,0.0,0.0,0.0,0.0,-636.0
3.783954623999307,0.004122377753576428,-0.0024541540688744127,-0.002781329653560413,0.004330981887979091,0.004122377753576428,-0.0018145055510103703,-0.0024541540688744127,-0.002781329653560413,-0.002781329653560413,0.0,0.0,0.0,0.0,0.0,0.0,0.0,0.0,0.0,0.0,-636.0
3.7993834000080824,0.004156784751390389,-0.0026745755973812116,0.00025243138840490287,0.004409102735359438,0.004156784751390389,-0.003678718116134405,-0.0026745755973812116,0.00025243138840490287,0.00025243138840490287,0.0,0.0,0.0,0.0,0.0,0.0,0.0,0.0,0.0,0.0,-636.0
3.81503211800009,0.0041892215362078974,-0.0024398681548364024,-0.0010603910694737262,0.004427091291536289,0.0041892215362078974,-0.001370645361021161,-0.0024398681548364024,-0.0010603910694737262,-0.0010603910694737262,0.0,0.0,0.0,0.0,0.0,0.0,0.0,0.0,0.0,0.0,-636.0
3.8307720510056242,0.00421673760731069,-0.0027107980064793617,-0.005845770734838662,0.004418522128731173,0.00421673760731069,-0.003945033997297287,-0.0027107980064793617,-0.005845770734838662,-0.005845770734838662,0.0,0.0,0.0,0.0,0.0,0.0,0.0,0.0,0.0,0.0,-636.0
3.8461836040078197,0.004237632308716515,-0.002629360198693001,0.0007015845036998647,0.004390860119025897,0.004237632308716515,-0.0022583657409995794,-0.002629360198693001,0.0007015845036998647,0.0007015845036998647,0.0,0.0,0.0,0.0,0.0,0.0,0.0,0.0,0.0,0.0,-636.0
3.861740916996496,0.0042553942663810605,-0.0026904129729345937,-0.00305398027349732,0.004385648622587723,0.0042553942663810605,-0.0029685422778129578,-0.0026904129729345937,-0.00305398027349732,-0.00305398027349732,0.0,0.0,0.0,0.0,0.0,0.0,0.0,0.0,0.0,0.0,-636.0
3.877385047991993,0.004270278470986705,-0.002724497239063572,-0.006505137041726852,0.0043794293047614286,0.004270278470986705,-0.0028797700069844723,-0.002724497239063572,-0.006505137041726852,-0.006505137041726852,0.0,0.0,0.0,0.0,0.0,0.0,0.0,0.0,0.0,0.0,-636.0
3.8931811260117684,0.004280082200687612,-0.0028962569969363224,-0.008890325495299611,0.004351976218494258,0.004280082200687612,-0.003678718116134405,-0.0028962569969363224,-0.008890325495299611,-0.008890325495299611,0.0,0.0,0.0,0.0,0.0,0.0,0.0,0.0,0.0,0.0,-636.0
3.908932646998437,0.004285045496213096,-0.0030051421485317864,-0.005262348060478136,0.004321442996733316,0.004285045496213096,-0.0035011745058000088,-0.0030051421485317864,-0.005262348060478136,-0.005262348060478136,0.0,0.0,0.0,0.0,0.0,0.0,0.0,0.0,0.0,0.0,-636.0
3.924907553999219,0.004292612843468374,-0.0030624699553418117,0.0002521144709678319,0.004348106723340406,0.004292612843468374,-0.003323629964143038,-0.0030624699553418117,0.0002521144709678319,0.0002521144709678319,0.0,0.0,0.0,0.0,0.0,0.0,0.0,0.0,0.0,0.0,-636.0
3.940814394998597,0.004303300119318511,-0.002997626030958268,0.007876723076105624,0.00438167347555285,0.004303300119318511,-0.0027022259309887886,-0.002997626030958268,0.007876723076105624,0.007876723076105624,0.0,0.0,0.0,0.0,0.0,0.0,0.0,0.0,0.0,0.0,-636.0
3.9564135250111576,0.004308337349246558,-0.0028166222782468695,0.0044140631347986126,0.004345277035385564,0.004308337349246558,-0.001992049627006054,-0.0028166222782468695,0.0044140631347986126,0.0044140631347986126,0.0,0.0,0.0,0.0,0.0,0.0,0.0,0.0,0.0,0.0,-636.0
3.9720158519921824,0.004312478225659247,-0.002859946803098861,0.008052008041275885,0.00434284465268564,0.004312478225659247,-0.003057314082980156,-0.002859946803098861,0.008052008041275885,0.008052008041275885,0.0,0.0,0.0,0.0,0.0,0.0,0.0,0.0,0.0,0.0,-636.0
3.987800756993238,0.004314636776532561,-0.002559914693664684,0.0171441925250731,0.004330466149603529,0.004314636776532561,-0.0011931017506867647,-0.002559914693664684,0.0171441925250731,0.0171441925250731,0.0,0.0,0.0,0.0,0.0,0.0,0.0,0.0,0.0,0.0,-636.0
4.003946002019802,0.004316536301301077,-0.0023138883639286585,0.014101714504826335,0.004330466149603529,0.004316536301301077,-0.0011931017506867647,-0.0023138883639286585,0.014101714504826335,0.014101714504826335,0.0,0.0,0.0,0.0,0.0,0.0,0.0,0.0,0.0,0.0,-636.0
4.019452567008557,0.004318207883097371,-0.002112146773545118,0.011316913014106686,0.004330466149603529,0.004318207883097371,-0.0011931017506867647,-0.002112146773545118,0.011316913014106686,0.011316913014106686,0.0,0.0,0.0,0.0,0.0,0.0,0.0,0.0,0.0,0.0,-636.0
4.0370623570051976,0.00431967887507811,-0.0019467186694306143,0.009060340859012674,0.004330466149603529,0.00431967887507811,-0.0011931017506867647,-0.0019467186694306143,0.009060340859012674,0.009060340859012674,0.0,0.0,0.0,0.0,0.0,0.0,0.0,0.0,0.0,0.0,-636.0
4.052535120019456,0.00432097334802116,-0.0018110676240567216,-0.0036949035113368472,0.004330466149603529,0.00432097334802116,-0.0011931017506867647,-0.0018110676240567216,-0.0036949035113368472,-0.0036949035113368472,0.0,0.0,0.0,0.0,0.0,0.0,0.0,0.0,0.0,0.0,-636.0
4.068226342991693,0.00433380262756369,-0.002067349920342163,-0.016127077579150842,0.004427884010875571,0.00433380262756369,-0.0032348581589758396,-0.002067349920342163,-0.016127077579150842,-0.016127077579150842,0.0,0.0,0.0,0.0,0.0,0.0,0.0,0.0,0.0,0.0,-636.0
4.084443619009107,0.004341864837575468,-0.0023254383457245757,-0.013652046206931556,0.0044009877109951745,0.004341864837575468,-0.0035011745058000088,-0.0023254383457245757,-0.013652046206931556,-0.013652046206931556,0.0,0.0,0.0,0.0,0.0,0.0,0.0,0.0,0.0,0.0,-636.0
4.1001138190040365,0.004352144740336052,-0.0025051128370398986,-0.0024075321259566795,0.004427530693913662,0.004352144740336052,-0.003323629964143038,-0.0025051128370398986,-0.0024075321259566795,-0.0024075321259566795,0.0,0.0,0.0,0.0,0.0,0.0,0.0,0.0,0.0,0.0,-636.0
4.116043104004348,0.004363287662577288,-0.002396782492394195,0.0021221053915178034,0.004445002425679689,0.004363287662577288,-0.001903277589008212,-0.002396782492394195,0.0021221053915178034,0.0021221053915178034,0.0,0.0,0.0,0.0,0.0,0.0,0.0,0.0,0.0,0.0,-636.0
4.131732002017088,0.004366534866129379,-0.0024357833445016104,-0.002275398154606756,0.004390347692178054,0.004366534866129379,-0.0026134538929909468,-0.0024357833445016104,-0.002275398154606756,-0.002275398154606756,0.0,0.0,0.0,0.0,0.0,0.0,0.0,0.0,0.0,0.0,-636.0
4.147197240992682,0.00436860295704495,-0.002467764043229691,0.0006761151828426626,0.004383768957092471,0.00436860295704495,-0.0026134538929909468,-0.002467764043229691,0.0006761151828426626,0.0006761151828426626,0.0,0.0,0.0,0.0,0.0,0.0,0.0,0.0,0.0,0.0,-636.0
4.162788140994962,0.004369149054942272,-0.0024140933819886594,-0.001442727011277553,0.004373153772855964,0.004369149054942272,-0.0021695937030017376,-0.0024140933819886594,-0.001442727011277553,-0.001442727011277553,0.0,0.0,0.0,0.0,0.0,0.0,0.0,0.0,0.0,0.0,-636.0
4.1784807149961125,0.00437090452116492,-0.002513894183237033,-0.0023058272168668265,0.004383777940131006,0.00437090452116492,-0.0029685422778129578,-0.002513894183237033,-0.0023058272168668265,-0.0023058272168668265,0.0,0.0,0.0,0.0,0.0,0.0,0.0,0.0,0.0,0.0,-636.0
4.197013525001239,0.004370458211372481,-0.002467899063634292,0.0018844584593050995,0.0043671852728945915,0.004370458211372481,-0.0022583657409995794,-0.002467899063634292,0.0018844584593050995,0.0018844584593050995,0.0,0.0,0.0,0.0,0.0,0.0,0.0,0.0,0.0,0.0,-636.0
4.212824109010398,0.004370315475488184,-0.0024461620323996554,-0.0018816626618604892,0.0043692687456700074,0.004370315475488184,-0.0023471377789974213,-0.0024461620323996554,-0.0018816626618604892,-0.0018816626618604892,0.0,0.0,0.0,0.0,0.0,0.0,0.0,0.0,0.0,0.0,-636.0
4.228251321008429,0.004370707013484686,-0.002524211425915407,-3.3248026630350314e-05,0.004373578292125702,0.004370707013484686,-0.0028797697741538286,-0.002524211425915407,-3.3248026630350314e-05,-3.3248026630350314e-05,0.0,0.0,0.0,0.0,0.0,0.0,0.0,0.0,0.0,0.0,-636.0
4.2439542039937805,0.004373310223764286,-0.0024444012689513353,-0.0034134438866862266,0.004392400432481347,0.004373310223764286,-0.0020808216650038958,-0.0024444012689513353,-0.0034134438866862266,-0.0034134438866862266,0.0,0.0,0.0,0.0,0.0,0.0,0.0,0.0,0.0,0.0,-636.0
4.2598136120068375,0.004378781647246772,-0.002634620451584097,-0.0023887175803117278,0.004418905419451669,0.004378781647246772,-0.0035011745058000088,-0.002634620451584097,-0.0023887175803117278,-0.0023887175803117278,0.0,0.0,0.0,0.0,0.0,0.0,0.0,0.0,0.0,0.0,-636.0
4.2757448150077835,0.004381568280610344,-0.0025189577031600493,-0.005692254286080542,0.004402003591943204,0.004381568280610344,-0.001992049627006054,-0.0025189577031600493,-0.005692254286080542,-0.005692254286080542,0.0,0.0,0.0,0.0,0.0,0.0,0.0,0.0,0.0,0.0,-636.0
4.291408971010242,0.004387844045766424,-0.0028076094536030067,-0.006109227169303219,0.004433866323577673,0.004387844045766424,-0.004122578538954258,-0.0028076094536030067,-0.006109227169303219,-0.006109227169303219,0.0,0.0,0.0,0.0,0.0,0.0,0.0,0.0,0.0,0.0,-636.0
4.307159379997756,0.004393724102351996,-0.0027087455853343897,-0.008145355666037593,0.0044368445173128546,0.004393724102351996,-0.0022583657409995794,-0.0027087455853343897,-0.008145355666037593,-0.008145355666037593,0.0,0.0,0.0,0.0,0.0,0.0,0.0,0.0,0.0,0.0,-636.0
4.32277183199767,0.004396911236895098,-0.0030591092342046036,-0.008575859560313648,0.0044202835568778465,0.004396911236895098,-0.004655210301280022,-0.0030591092342046036,-0.008575859560313648,-0.008575859560313648,0.0,0.0,0.0,0.0,0.0,0.0,0.0,0.0,0.0,0.0,-636.0
4.338260087009985,0.004399222741907059,-0.0029788912727861457,0.005705691311645444,0.004416173778661436,0.004399222741907059,-0.0026134538929909468,-0.0029788912727861457,0.005705691311645444,0.005705691311645444,0.0,0.0,0.0,0.0,0.0,0.0,0.0,0.0,0.0,0.0,-636.0
4.353927535994444,0.00440349871303441,-0.002881154652653303,0.008266228250650529,0.0044348558346349876,0.00440349871303441,-0.0024359100498259068,-0.002881154652653303,0.008266228250650529,0.008266228250650529,0.0,0.0,0.0,0.0,0.0,0.0,0.0,0.0,0.0,0.0,-636.0
4.369493764999788,0.004405133811883788,-0.002721115789946314,0.0021293219730126184,0.004417124536779227,0.004405133811883788,-0.0019920498598366976,-0.002721115789946314,0.0021293219730126184,0.0021293219730126184,0.0,0.0,0.0,0.0,0.0,0.0,0.0,0.0,0.0,0.0,-636.0
4.384969798004022,0.004403395028567312,-0.002813589416371629,-0.0015290590843557578,0.004390643950913153,0.004403395028567312,-0.0032348581589758396,-0.002813589416371629,-0.0015290590843557578,-0.0015290590843557578,0.0,0.0,0.0,0.0,0.0,0.0,0.0,0.0,0.0,0.0,-636.0
4.4013455160020385,0.0043983308199501935,-0.002761586055323495,0.004028098090905527,0.004361193290091325,0.0043983308199501935,-0.002524681854993105,-0.002761586055323495,0.004028098090905527,0.004028098090905527,0.0,0.0,0.0,0.0,0.0,0.0,0.0,0.0,0.0,0.0,-636.0
4.416784977016505,0.004394183591703031,-0.002686985365584802,0.0054481783403443895,0.0043637705845571695,0.004394183591703031,-0.0023471377789974213,-0.002686985365584802,0.0054481783403443895,0.0054481783403443895,0.0,0.0,0.0,0.0,0.0,0.0,0.0,0.0,0.0,0.0,-636.0
4.432149161992129,0.004387716124380532,-0.00259385486631985,0.004468634858072612,0.0043402880306822045,0.004387716124380532,-0.0021695937030017376,-0.00259385486631985,0.004468634858072612,0.004468634858072612,0.0,0.0,0.0,0.0,0.0,0.0,0.0,0.0,0.0,0.0,-636.0
4.4476918680011295,0.004380722550554434,-0.002549445790601813,-0.0015039663428919464,0.004329436342496384,0.004380722550554434,-0.0023471377789974213,-0.002549445790601813,-0.0015039663428919464,-0.0015039663428919464,0.0,0.0,0.0,0.0,0.0,0.0,0.0,0.0,0.0,0.0,-636.0
4.463259570999071,0.004377000786813254,-0.002640862083229915,-0.004319989812750377,0.004349707852711271,0.004377000786813254,-0.003057314082980156,-0.002640862083229915,-0.004319989812750377,-0.004319989812750377,0.0,0.0,0.0,0.0,0.0,0.0,0.0,0.0,0.0,0.0,-636.0
4.478757814009441,0.004371296567584409,-0.0026838655095057355,-0.0020038520744724425,0.0043294656265728815,0.004371296567584409,-0.0028797700069844723,-0.0026838655095057355,-0.0020038520744724425,-0.0020038520744724425,0.0,0.0,0.0,0.0,0.0,0.0,0.0,0.0,0.0,0.0,-636.0
4.4946513600007165,0.004366539650017117,-0.002703149352212297,0.003045770557607519,0.004331655587856975,0.004366539650017117,-0.0027909979689866304,-0.002703149352212297,0.003045770557607519,0.003045770557607519,0.0,0.0,0.0,0.0,0.0,0.0,0.0,0.0,0.0,0.0,-636.0
4.510189060005359,0.004363105583697474,-0.0025911303685147847,-0.0030641314289985566,0.004337922430686758,0.004363105583697474,-0.0020808216650038958,-0.0025911303685147847,-0.0030641314289985566,-0.0030641314289985566,0.0,0.0,0.0,0.0,0.0,0.0,0.0,0.0,0.0,0.0,-636.0
4.525916618993506,0.004363929629259446,-0.0028028751299259283,-0.008688524201330344,0.004369972630047236,0.004363929629259446,-0.003767490154132247,-0.0028028751299259283,-0.008688524201330344,-0.008688524201330344,0.0,0.0,0.0,0.0,0.0,0.0,0.0,0.0,0.0,0.0,-636.0
4.541354143992066,0.004368155273186511,-0.002864653108315301,-0.004093994069079898,0.004399143328651656,0.004368155273186511,-0.0031460861209779978,-0.002864653108315301,-0.004093994069079898,-0.004093994069079898,0.0,0.0,0.0,0.0,0.0,0.0,0.0,0.0,0.0,0.0,-636.0
4.5572617769939825,0.004373284651653943,-0.0029312900174341986,0.0009427755443387337,0.004410900093748449,0.004373284651653943,-0.0032348581589758396,-0.0029312900174341986,0.0009427755443387337,0.0009427755443387337,0.0,0.0,0.0,0.0,0.0,0.0,0.0,0.0,0.0,0.0,-636.0
4.573913391010137,0.004377940369997491,-0.002826142614515579,-0.000525937226452472,0.00441208230451684,0.004377940369997491,-0.0023471377789974213,-0.002826142614515579,-0.000525937226452472,-0.000525937226452472,0.0,0.0,0.0,0.0,0.0,0.0,0.0,0.0,0.0,0.0,-636.0
4.58931353900698,0.004377607680858055,-0.002931669346197649,0.00045112947742551035,0.004375167960502191,0.004377607680858055,-0.0034124022349715233,-0.002931669346197649,0.00045112947742551035,0.00045112947742551035,0.0,0.0,0.0,0.0,0.0,0.0,0.0,0.0,0.0,0.0,-636.0
4.605851796019124,0.004376483108179914,-0.002794495730422385,0.0002388926028840388,0.0043682362418735465,0.004376483108179914,-0.0021695937030017376,-0.002794495730422385,0.0002388926028840388,0.0002388926028840388,0.0,0.0,0.0,0.0,0.0,0.0,0.0,0.0,0.0,0.0,-636.0
4.62121018601465,0.004376256621054558,-0.002905718859331714,-0.004512334744694299,0.00437459571546861,0.004376256621054558,-0.0034124020021408796,-0.002905718859331714,-0.004512334744694299,-0.004512334744694299,0.0,0.0,0.0,0.0,0.0,0.0,0.0,0.0,0.0,0.0,-636.0
4.63666621100856,0.004377504196059462,-0.0029330059995884335,-0.0030349226924626937,0.0043866530794287595,0.004377504196059462,-0.003057314082980156,-0.0029330059995884335,-0.0030349226924626937,-0.0030349226924626937,0.0,0.0,0.0,0.0,0.0,0.0,0.0,0.0,0.0,0.0,-636.0
4.65279442400788,0.004374617804209258,-0.0030033183132082623,-0.004588594323001072,0.004353450930641101,0.004374617804209258,-0.003323629964143038,-0.0030033183132082623,-0.004588594323001072,-0.004588594323001072,0.0,0.0,0.0,0.0,0.0,0.0,0.0,0.0,0.0,0.0,-636.0
4.668115464999573,0.004374232457064208,-0.0030769534191256494,-0.003329128077915744,0.004371406578000503,0.004374232457064208,-0.0034124022349715233,-0.0030769534191256494,-0.003329128077915744,-0.003329128077915744,0.0,0.0,0.0,0.0,0.0,0.0,0.0,0.0,0.0,0.0,-636.0
4.683564820996253,0.004371670215735227,-0.0031053762722986836,0.009170802917352602,0.00435288044598936,0.004371670215735227,-0.0032348581589758396,-0.0031053762722986836,0.009170802917352602,0.009170802917352602,0.0,0.0,0.0,0.0,0.0,0.0,0.0,0.0,0.0,0.0,-636.0
4.6990290050162,0.004366880490873193,-0.002793124750178245,0.008501854351516527,0.004331755841884943,0.004366880490873193,-0.0013706455938518047,-0.002793124750178245,0.008501854351516527,0.008501854351516527,0.0,0.0,0.0,0.0,0.0,0.0,0.0,0.0,0.0,0.0,-636.0
4.714374927018071,0.004363099725762289,-0.002840678830082589,-0.002810915076319878,0.004335374114948998,0.004363099725762289,-0.003057314082980156,-0.002840678830082589,-0.002810915076319878,-0.002810915076319878,0.0,0.0,0.0,0.0,0.0,0.0,0.0,0.0,0.0,0.0,-636.0
4.729844576009782,0.004359772652464695,-0.002879673175604151,-0.0022923943904854943,0.004335374114948998,0.004359772652464695,-0.003057314082980156,-0.002879673175604151,-0.0022923943904854943,-0.0022923943904854943,0.0,0.0,0.0,0.0,0.0,0.0,0.0,0.0,0.0,0.0,-636.0
4.745338544016704,0.0043568448279628115,-0.002911648538931832,-0.0018574036788310544,0.004335374114948998,0.0043568448279628115,-0.003057314082980156,-0.002911648538931832,-0.0018574036788310544,-0.0018574036788310544,0.0,0.0,0.0,0.0,0.0,0.0,0.0,0.0,0.0,0.0,-636.0
4.761275961005595,0.004354268342401154,-0.0029378683368605305,-0.0014995471580965675,0.004335374114948998,0.004354268342401154,-0.003057314082980156,-0.0029378683368605305,-0.0014995471580965675,-0.0014995471580965675,0.0,0.0,0.0,0.0,0.0,0.0,0.0,0.0,0.0,0.0,-636.0
4.777149033994647,0.004352001035106895,-0.0029593685711620634,-0.002200303340391712,0.004335374114948998,0.004352001035106895,-0.003057314082980156,-0.0029593685711620634,-0.002200303340391712,-0.002200303340391712,0.0,0.0,0.0,0.0,0.0,0.0,0.0,0.0,0.0,0.0,-636.0
4.8099467610009015,0.004352398852358158,-0.003088851489257085,0.0030167000205248706,0.004355316178867419,0.004352398852358158,-0.003678718116134405,-0.003088851489257085,0.0030167000205248706,0.0030167000205248706,0.0,0.0,0.0,0.0,0.0,0.0,0.0,0.0,0.0,0.0,-636.0
4.825836584001081,0.004350134908305025,-0.0029873009550895687,0.001149941773305213,0.004333532651915384,0.004350134908305025,-0.002524681854993105,-0.0029873009550895687,0.001149941773305213,0.001149941773305213,0.0,0.0,0.0,0.0,0.0,0.0,0.0,0.0,0.0,0.0,-636.0
4.841239394998411,0.004347932195607347,-0.003047840176719193,0.002127970291159992,0.004331778969157707,0.004347932195607347,-0.003323629964143038,-0.003047840176719193,0.002127970291159992,0.002127970291159992,0.0,0.0,0.0,0.0,0.0,0.0,0.0,0.0,0.0,0.0,-636.0
4.856644573010271,0.004345272968031302,-0.0029217137870387903,0.004334434835673154,0.004325771965806968,0.004345272968031302,-0.002347138011828065,-0.0029217137870387903,0.004334434835673154,0.004334434835673154,0.0,0.0,0.0,0.0,0.0,0.0,0.0,0.0,0.0,0.0,-636.0
4.872010843013413,0.00434305454935095,-0.002914163906629013,-0.006106250539243366,0.0043267861456950385,0.00434305454935095,-0.0028797700069844723,-0.002914163906629013,-0.006106250539243366,-0.006106250539243366,0.0,0.0,0.0,0.0,0.0,0.0,0.0,0.0,0.0,0.0,-636.0
4.88770246700733,0.004338779585315659,-0.0031156996155174616,-0.003984859685557979,0.004307429849056854,0.004338779585315659,-0.00403380673378706,-0.0031156996155174616,-0.003984859685557979,-0.003984859685557979,0.0,0.0,0.0,0.0,0.0,0.0,0.0,0.0,0.0,0.0,-636.0
4.9032436900015455,0.004334808418160137,-0.003041274352302301,0.0007410720614517696,0.004305686525686303,0.004334808418160137,-0.0027022259309887886,-0.003041274352302301,0.0007410720614517696,0.0007410720614517696,0.0,0.0,0.0,0.0,0.0,0.0,0.0,0.0,0.0,0.0,-636.0
4.918707623000955,0.004329601566107378,-0.00309209840434315,0.005822908305008007,0.004291417984387147,0.004329601566107378,-0.0033236301969736814,-0.00309209840434315,0.005822908305008007,0.005822908305008007,0.0,0.0,0.0,0.0,0.0,0.0,0.0,0.0,0.0,0.0,-636.0
4.93413210901781,0.004323279895998818,-0.00286213169074325,0.013523283433051786,0.004276920981869381,0.004323279895998818,-0.0018145055510103703,-0.00286213169074325,0.013523283433051786,0.013523283433051786,0.0,0.0,0.0,0.0,0.0,0.0,0.0,0.0,0.0,0.0,-636.0
4.949683226004709,0.004318794775183416,-0.002673558985591332,0.00795303304605531,0.0042859038892038015,0.004318794775183416,-0.0018145055510103703,-0.002673558985591332,0.00795303304605531,0.00795303304605531,0.0,0.0,0.0,0.0,0.0,0.0,0.0,0.0,0.0,0.0,-636.0
4.965303775010398,0.00431138500322488,-0.002614803168404428,-0.0027618485311243224,0.004257046675528953,0.00431138500322488,-0.0023471377789974213,-0.002614803168404428,-0.0027618485311243224,-0.0027618485311243224,0.0,0.0,0.0,0.0,0.0,0.0,0.0,0.0,0.0,0.0,-636.0
4.9808310320077,0.00430332900606002,-0.0027583710003865054,-0.007892230487274068,0.00424425169351772,0.00430332900606002,-0.0034124022349715233,-0.0027583710003865054,-0.007892230487274068,-0.007892230487274068,0.0,0.0,0.0,0.0,0.0,0.0,0.0,0.0,0.0,0.0,-636.0
4.996401732991217,0.0042975253831423485,-0.0028601176138626813,-0.0008316946306952816,0.004254965481746087,0.0042975253831423485,-0.003323629964143038,-0.0028601176138626813,-0.0008316946306952816,-0.0008316946306952816,0.0,0.0,0.0,0.0,0.0,0.0,0.0,0.0,0.0,0.0,-636.0
5.012020672991639,0.0042919686566974475,-0.0027837602104265466,0.005459058226618893,0.004251219329434841,0.0042919686566974475,-0.002435909816995263,-0.0027837602104265466,0.005459058226618893,0.005459058226618893,0.0,0.0,0.0,0.0,0.0,0.0,0.0,0.0,0.0,0.0,-636.0
5.027700050995918,0.0042876838178912136,-0.0026891892059296924,5.765688468077623e-05,0.0042562616666455,0.0042876838178912136,-0.0022583657409995794,-0.0026891892059296924,5.765688468077623e-05,5.765688468077623e-05,0.0,0.0,0.0,0.0,0.0,0.0,0.0,0.0,0.0,0.0,-636.0
5.043831860006321,0.004286565011143664,-0.0027874096174779987,-0.0060886173078893375,0.004278360428328298,0.004286565011143664,-0.0032348581589758396,-0.0027874096174779987,-0.0060886173078893375,-0.0060886173078893375,0.0,0.0,0.0,0.0,0.0,0.0,0.0,0.0,0.0,0.0,-636.0
