wall_elapsed,theta_real,theta,theta_imu_filtered_unwrapped,omega_real,omega,omega_imu_filtered,alpha_real,alpha_from_linear_accel_filtered,cmd_u_raw,hw_pwm,ina_current_raw_mA,current_mA,ina_current_corr_mA,I_filtered_mA
0.0,2.2950924263916415,2.2950924263916415,2.2950924263916415,-0.5339697403365442,0.0,-0.5339697403365442,-inf,inf,0.0,0.0,0.0,0.0,0.0,0.0
0.015586524008540437,2.286912955612376,2.328391626904896,2.286912955612376,-0.7996260029252704,2.1364096635663254,-0.7996260029252704,nan,nan,0.0,0.0,0.0,0.0,0.0,0.0
0.03095681400736794,2.2770272878280027,2.3503972843023324,2.2770272878280027,-1.0754677879596348,1.4317008591975322,-1.0754677879596348,-8400.075841424561,-18850.226006517667,0.0,0.0,0.0,0.0,0.0,0.0
0.04645979599445127,2.2618517774217466,2.361725361002493,2.2618517774217466,-1.402229645926095,0.7307030808394566,-1.402229645926095,-2139.795718860116,-4399.563107168986,0.0,0.0,0.0,0.0,0.0,0.0
0.06221333998837508,2.2405472151359653,2.3624543620058533,2.2405472151359653,-1.7856702896398668,0.046275365317267586,-1.7856702896398668,14756.425170314556,25340.867921531284,0.0,0.0,0.0,0.0,0.0,0.0
0.07793683599447832,2.217193922370071,2.3527999816726184,2.217193922370071,-2.170383088966483,-0.6140097806167147,-2.170383088966483,10929.98137808939,18449.165149486354,0.0,0.0,0.0,0.0,0.0,0.0
0.0935299480042886,2.1916607367138976,2.3368159499516232,2.1916607367138976,-2.5356380526302504,-1.0250700252097689,-2.5356380526302504,2527.5572439701755,2691.405791717024,0.0,0.0,0.0,0.0,0.0,0.0
0.10891943500610068,2.158087354647763,2.314864144000238,2.158087354647763,-2.9632344908460144,-1.4264157050069557,-2.9632344908460144,-11457.16929124466,-9772.793425362579,0.0,0.0,0.0,0.0,0.0,0.0
0.12440806100494228,2.1157547715157454,2.2865442317006033,2.1157547715157454,-3.4447152013474915,-1.8284328320506118,-3.4447152013474915,-39437.83320332272,-34469.847961005114,0.0,0.0,0.0,0.0,0.0,0.0
0.13990732099046,2.071434160489316,2.2519858888296436,2.071434160489316,-3.9035412247790156,-2.229676958980677,-3.9035412247790156,-69429.7221714549,-60055.88882180827,0.0,0.0,0.0,0.0,0.0,0.0
0.15537238999968395,2.0168539418532943,2.2113064696985383,2.0168539418532943,-4.418987357633002,-2.6304065702417945,-4.418987357633002,-351409.39166903915,-287075.359533794,0.0,0.0,0.0,0.0,0.0,0.0
0.17083892499795184,1.9603439857750447,2.1644045942168573,1.9603439857750447,-4.911113731159452,-3.0324746613855913,-4.911113731159452,-331495.6867899805,-270849.2878624069,0.0,0.0,0.0,0.0,0.0,0.0
0.1864195299858693,1.8924080706337336,2.1080153753926396,1.8924080706337336,-5.445013745543183,-3.6191931486580264,-5.445013745543183,-20771.659366296633,-26042.07875107962,0.0,0.0,0.0,0.0,0.0,0.0
0.2020211610069964,1.8228418695021313,2.041743545347736,1.8228418695021313,-5.944123021375928,-4.247750120174007,-5.944123021375928,-31987.43220811456,-39564.75952029869,0.0,0.0,0.0,0.0,0.0,0.0
0.2175273909815587,1.7410533736279294,1.9694964165219393,1.7410533736279294,-6.463487823329043,-4.659232382359685,-6.463487823329043,32680.495983020402,29999.539170751,0.0,0.0,0.0,0.0,0.0,0.0
0.2330191789951641,1.6469436486208295,1.8897347574298413,1.6469436486208295,-6.995003939080011,-5.148641268654621,-6.995003939080011,41511.873621941384,38238.48910505909,0.0,0.0,0.0,0.0,0.0,0.0
0.24864939198596403,1.5524917662645144,1.8017726301609092,1.5524917662645144,-7.4956258061869665,-5.627698568196558,-7.4956258061869665,20613.552511806804,20215.022982855182,0.0,0.0,0.0,0.0,0.0,0.0
0.26419436698779464,1.4454327232428241,1.7068221428432035,1.4454327232428241,-7.980917269502267,-6.108114506875954,-7.980917269502267,-36748.56357639871,-41251.17142495292,0.0,0.0,0.0,0.0,0.0,0.0
0.2797996590088587,1.3389269627354339,1.6039051109145874,1.3389269627354339,-8.385966998638343,-6.595008397772898,-8.385966998638343,-9231.70276362134,-11112.260997008872,0.0,0.0,0.0,0.0,0.0,0.0
0.2951479420007672,1.220242527633404,1.4954203781766326,1.220242527633404,-8.769016704447406,-7.068199927975484,-8.769016704447406,26068.04656753596,38623.649006836466,0.0,0.0,0.0,0.0,0.0,0.0
0.31048469300731085,1.1032351532397904,1.3798941539020917,1.1032351532397904,-9.082350480178611,-7.532640011254686,-9.082350480178611,30816.902601110247,45783.00384799017,0.0,0.0,0.0,0.0,0.0,0.0
0.32592617999762297,0.9751977779401421,1.2567051539201826,0.9751977779401421,-9.32296982233533,-7.977793852314697,-9.32296982233533,-1953.32725144305,-3661.5742926568396,0.0,0.0,0.0,0.0,0.0,0.0
0.34186874999431893,0.8378481986891533,1.1227665679638617,0.8378481986891533,-9.476926662090849,-8.40131710157639,-9.476926662090849,-2089.3206701254167,1083.155404183759,0.0,0.0,0.0,0.0,0.0,0.0
0.35718454999732785,0.7049424065561906,1.0068505292651517,0.7049424065561906,-9.564517935119087,-7.568395949015899,-9.564517935119087,342.3305028615432,-208.95556190818024,0.0,0.0,0.0,0.0,0.0,0.0
0.37259856500895694,0.5648652740644604,0.8896091422330956,0.5648652740644604,-9.534013715586713,-7.606154979322601,-9.534013715586713,631.0307676751399,-1712.667566338132,0.0,0.0,0.0,0.0,0.0,0.0
0.38810849699075334,0.4306418414824008,0.7671606126045716,0.4306418414824008,-9.443470241532081,-7.894846332803957,-9.443470241532081,-10637.927890426712,12203.956974867906,0.0,0.0,0.0,0.0,0.0,0.0
0.40356806298950687,0.2921029196175486,0.6418275966546009,0.2921029196175486,-9.21398914969205,-8.10714970653614,-9.21398914969205,-5735.830845823177,3731.7461215503718,0.0,0.0,0.0,0.0,0.0,0.0
0.4189864200016018,0.16082838592369034,0.5147089447881201,0.16082838592369034,-8.937850386652512,-8.244630200660337,-8.937850386652512,138704.03522472596,-40744.927802476566,0.0,0.0,0.0,0.0,0.0,0.0
0.4344414639926981,0.027740198044558406,0.3864367582384193,0.027740198044558406,-8.598317331093146,-8.299697278351259,-8.598317331093146,7895.954243330714,-868.9690943485184,0.0,0.0,0.0,0.0,0.0,0.0
0.4499723539920524,-0.09729243302935003,0.25805063583398485,-0.09729243302935003,-8.212521656885174,-8.266501302228821,-8.212521656885174,-49847.84586735151,-9734.459257207345,0.0,0.0,0.0,0.0,0.0,0.0
0.4654470169916749,-0.22109608746763432,0.1320378994667656,-0.22109608746763432,-7.699548005380463,-8.143165144875418,-7.699548005380463,-9491.118976439917,-3140.2678298300743,0.0,0.0,0.0,0.0,0.0,0.0
0.48086959100328386,-0.33601581824507876,0.00967663276483191,-0.33601581824507876,-7.187414097230584,-7.933906921751812,-7.187414097230584,-15773.86252626123,-6553.724599298908,0.0,0.0,0.0,0.0,0.0,0.0
0.4964626079890877,-0.4470335688187658,-0.10939715592390319,-0.4470335688187658,-6.562038796446304,-7.636353426482008,-6.562038796446304,3950.8923118906205,2025.4718625142996,0.0,0.0,0.0,0.0,0.0,0.0
0.5122234179871157,-0.5520104051117203,-0.22366760449576154,-0.5520104051117203,-5.852561914709504,-7.250290345874119,-5.852561914709504,10022.988236213823,5668.737992884042,0.0,0.0,0.0,0.0,0.0,0.0
0.5276369850034826,-0.6470077379554002,-0.3284568622088044,-0.6470077379554002,-5.168845085209194,-6.798507937959641,-5.168845085209194,46814.143026947335,31345.876465002075,0.0,0.0,0.0,0.0,0.0,0.0
0.5430677619879134,-0.7338562702902918,-0.4254685029786997,-0.7338562702902918,-4.404785044275302,-6.286892803115307,-4.404785044275302,273199.1654105481,194213.06750656362,0.0,0.0,0.0,0.0,0.0,0.0
0.5584756179887336,-0.8109081682380862,-0.5135579893968865,-0.8109081682380862,-3.682078425856148,-5.717180016057899,-3.682078425856148,-34592.9810029062,-27275.923326687018,0.0,0.0,0.0,0.0,0.0,0.0
0.5741629749827553,-0.8781047532283007,-0.5934289601657599,-0.8781047532283007,-2.9125878277548214,-5.0914230357167085,-2.9125878277548214,2348.9568683720904,2028.8471261284303,0.0,0.0,0.0,0.0,0.0,0.0
0.5902427239925601,-0.9361915279298901,-0.664356708444168,-0.9361915279298901,-2.213503188268841,-4.410998469886527,-2.213503188268841,4581.726556698141,4410.251360015122,0.0,0.0,0.0,0.0,0.0,0.0
0.605548147985246,-0.9835831619940362,-0.7215483477522316,-0.9835831619940362,-1.4826213042226741,-3.7366909492604616,-1.4826213042226741,6140.623416813361,6271.275722681021,0.0,0.0,0.0,0.0,0.0,0.0
0.6209931279881857,-1.0226729460502983,-0.7685186257821871,-1.0226729460502983,-0.8038507420456006,-3.0411355677388734,-0.8038507420456006,183205.862779987,185520.99587287172,0.0,0.0,0.0,0.0,0.0,0.0
0.6364418219891377,-1.0504316915010892,-0.8045799962434691,-1.0504316915010892,-0.10579711767844235,-2.334266602669461,-0.10579711767844235,257618.2732313112,260894.6450137417,0.0,0.0,0.0,0.0,0.0,0.0
0.6518744640052319,-1.0664588343713546,-0.829677680551342,-1.0664588343713546,0.5921535910198515,-1.6262726940532628,0.5921535910198515,-441628.4262269238,-489870.0682589394,0.0,0.0,0.0,0.0,0.0,0.0
0.6673057709995192,-1.07574068176985,-0.8439175587147841,-1.07574068176985,1.2259442958478262,-0.9227914504399306,1.2259442958478262,-483450.3803800286,-536607.5006384805,0.0,0.0,0.0,0.0,0.0,0.0
0.6828124839812517,-1.0730203801787388,-0.847427059391139,-1.0730203801787388,1.8619155770202662,-0.22632137968177093,1.8619155770202662,54776.15375805754,61349.09780749563,0.0,0.0,0.0,0.0,0.0,0.0
0.698220513004344,-1.0646376883953332,-0.8404970180213651,-1.0646376883953332,2.441383791192507,0.4497681928939619,2.441383791192507,82410.74461112916,65866.5404029079,0.0,0.0,0.0,0.0,0.0,0.0
0.7136360179865733,-1.0443177479313133,-0.8266076492573506,-1.0443177479313133,3.0074839679636467,0.9009999205362144,3.0074839679636467,83911.70118665523,66906.84083587413,0.0,0.0,0.0,0.0,0.0,0.0
0.7289691850019153,-1.0194597887533319,-0.8061979335650081,-1.0194597887533319,3.524480569397915,1.3310828527414502,3.524480569397915,30279.230563077203,25840.162902310374,0.0,0.0,0.0,0.0,0.0,0.0
0.7443459449859802,-0.9829889530391411,-0.7794332895309718,-0.9829889530391411,4.000685066967326,1.7405906095805084,4.000685066967326,9209.74760566024,7940.776724202472,0.0,0.0,0.0,0.0,0.0,0.0
0.7598920479940716,-0.9432810054242603,-0.7463295535892808,-0.9432810054242603,4.432670090408203,2.1293912644513737,4.432670090408203,672257.3583252742,612853.3935020561,0.0,0.0,0.0,0.0,0.0,0.0
0.7752675919909962,-0.8926251853734557,-0.7081127179367993,-0.8926251853734557,4.817785098676962,2.4855599034496585,4.817785098676962,-13036.844697108667,-12624.06511748652,0.0,0.0,0.0,0.0,0.0,0.0
0.790620020008646,-0.8400622161596176,-0.6649664773638012,-0.8400622161596176,5.15291396966633,2.810385466285549,5.15291396966633,-16536.866237068127,-16045.909836474233,0.0,0.0,0.0,0.0,0.0,0.0
0.806175326986704,-0.777691620284546,-0.6166619672811758,-0.777691620284546,5.428806260393726,3.105339557153241,5.428806260393726,-6571.490733735642,-7592.879751690685,0.0,0.0,0.0,0.0,0.0,0.0
0.8216064599982928,-0.7068016989156358,-0.5648039471017738,-0.7068016989156358,5.642015105919706,3.360610017453455,5.642015105919706,25307.070576548052,32025.629898421,0.0,0.0,0.0,0.0,0.0,0.0
0.8371470269921701,-0.6365150738898472,-0.509194078431434,-0.6365150738898472,5.805165660856234,3.5783680667667674,5.805165660856234,18281.79817529989,27419.33382172574,0.0,0.0,0.0,0.0,0.0,0.0
0.8525635630066972,-0.5592820034285174,-0.45134706879153114,-0.5592820034285174,5.898042982252454,3.7522702626188873,5.898042982252454,2266.9812957760005,5430.124593280285,0.0,0.0,0.0,0.0,0.0,0.0
0.8680226129945368,-0.48384018135834417,-0.39131085525401377,-0.48384018135834417,5.950473633661124,3.8835642283803615,5.950473633661124,-1044.0234207209432,-29405.068076549564,0.0,0.0,0.0,0.0,0.0,0.0
0.8834463770035654,-0.40319884748462104,-0.3300858566183858,-0.40319884748462104,5.920618657617259,3.9695238205011814,5.920618657617259,2193.897949390259,-4912.722216254166,0.0,0.0,0.0,0.0,0.0,0.0
0.8989476459973957,-0.3254727442145037,-0.2679198472257472,-0.3254727442145037,5.861207576956113,4.010381951141005,5.861207576956113,-1263.522340062591,239.74296684259753,0.0,0.0,0.0,0.0,0.0,0.0
0.9145313869812526,-0.24446436349892744,-0.20550804918511614,-0.24446436349892744,5.71338900460792,4.004930401838906,5.71338900460792,-4144.001330658182,-1137.7750480536633,0.0,0.0,0.0,0.0,0.0,0.0
0.9301481069996953,-0.16736158961770495,-0.1437708640539978,-0.16736158961770495,5.545710928816336,3.9532747630878546,5.545710928816336,-4439.166569119765,-1434.5623600863437,0.0,0.0,0.0,0.0,0.0,0.0
0.945855447993381,-0.08887939958870869,-0.08320207114070663,-0.08887939958870869,5.3040959300742205,3.8560818751970785,5.3040959300742205,-10905.414731992583,-4862.830192389614,0.0,0.0,0.0,0.0,0.0,0.0
0.9614226789854001,-0.015058403688868696,-0.025349018995161357,-0.015058403688868696,5.047232970293307,3.716335434041211,5.047232970293307,2403.7137195928044,1284.4164302641802,0.0,0.0,0.0,0.0,0.0,0.0
0.9768728409835603,0.05817554730512688,0.02931203955313042,0.05817554730512688,4.710035933902535,3.5378954961637916,4.710035933902535,-16275.492047515902,-8732.108597768834,0.0,0.0,0.0,0.0,0.0,0.0
0.9923770309833344,0.12915403196577557,0.08081464818667744,0.12915403196577557,4.308339189844879,3.3218509728207373,4.308339189844879,39747.02219475206,24617.641768573405,0.0,0.0,0.0,0.0,0.0,0.0
1.0078496499918401,0.19431398831266547,0.12835539729422726,0.19431398831266547,3.92391626925587,3.072572851526653,3.92391626925587,26556.76897305803,19287.026806580514,0.0,0.0,0.0,0.0,0.0,0.0
1.0233104449871462,0.2539495821185046,0.17155407183054835,0.2539495821185046,3.5462276928711125,2.794078477169923,3.5462276928711125,27260.05799195249,19798.12403937179,0.0,0.0,0.0,0.0,0.0,0.0
1.0387441299972124,0.30971241215256606,0.2099957268186784,0.30971241215256606,3.0982570737930457,2.4907632210361634,3.0982570737930457,26078.01735941862,17598.172768696153,0.0,0.0,0.0,0.0,0.0,0.0
1.0542676059994847,0.36022027999388184,0.2435986466910855,0.36022027999388184,2.5985514368685587,2.164651774350572,2.5985514368685587,-9150.36751950952,-6475.449940869363,0.0,0.0,0.0,0.0,0.0,0.0
1.069834816007642,0.40472534395226656,0.2719447153741621,0.40472534395226656,2.1220007360507505,1.8208830399424758,2.1220007360507505,-38537.84992553039,-28038.292474965416,0.0,0.0,0.0,0.0,0.0,0.0
1.0853305170021486,0.44297654422245525,0.2946708085015638,0.44297654422245525,1.645885507745957,1.466606327487779,1.645885507745957,29955.89753438284,23191.954024320825,0.0,0.0,0.0,0.0,0.0,0.0
1.1009308089851402,0.4758258977320557,0.31186736845409424,0.4758258977320557,1.214964353637299,1.1023229546779818,1.214964353637299,-4477.49178592264,-3731.5416379844137,0.0,0.0,0.0,0.0,0.0,0.0
1.1166246049979236,0.5020991844293337,0.32336506675176346,0.5020991844293337,0.7664222802212327,0.7326269749080274,0.7664222802212327,-9555.669417732743,-7984.854291581328,0.0,0.0,0.0,0.0,0.0,0.0
1.132095399982063,0.5235060371939209,0.32907949047913193,0.5235060371939209,0.36650006513816136,0.3693684605882817,0.36650006513816136,2650.1260050225583,2389.6553682264293,0.0,0.0,0.0,0.0,0.0,0.0
1.1474402410094626,0.5383413759293136,0.32929838901740077,0.5383413759293136,-0.028244184219459123,0.014265285503971065,-0.028244184219459123,1588406.2095308509,1451400.6196098758,0.0,0.0,0.0,0.0,0.0,0.0
1.1627848439966328,0.5465234290446173,0.32420585092021875,0.5465234290446173,-0.4070619320334672,-0.33187812688539226,-0.4070619320334672,1595266.5372563682,1457664.749981007,0.0,0.0,0.0,0.0,0.0,0.0
1.1782279309991281,0.551001858052828,0.3170557246577651,0.551001858052828,-0.7531498292961296,-0.4629985093847103,-0.7531498292961296,17943.751748010618,6370.356527818432,0.0,0.0,0.0,0.0,0.0,0.0
1.1936400239937939,0.5488014411429019,0.3080347588960636,0.5488014411429019,-1.0999948454201651,-0.5853173715486796,-1.0999948454201651,9394.616375619538,3316.0490141857217,0.0,0.0,0.0,0.0,0.0,0.0
1.2089367359876633,0.5434937331871407,0.29737116922342655,0.5434937331871407,-1.412482805181181,-0.6971164572432798,-1.412482805181181,13964.307437653246,4919.283553741419,0.0,0.0,0.0,0.0,0.0,0.0
1.2243955679878127,0.5317081233576506,0.2850125103481865,0.5317081233576506,-1.7126171754255703,-0.7994561862837125,-1.7126171754255703,8553.656149504088,2992.904526365295,0.0,0.0,0.0,0.0,0.0,0.0
1.23976629198296,0.5175983211326934,0.2713384975066075,0.5175983211326934,-1.9680271141224055,-0.8896141031415371,-1.9680271141224055,5181.078825168046,1812.376022187881,0.0,0.0,0.0,0.0,0.0,0.0
1.2553762900060974,0.49732962117200985,0.25621680077975206,0.49732962117200985,-2.211322697981618,-0.9687186830159541,-2.211322697981618,-1439185.9937194986,-456876.57069466263,0.0,0.0,0.0,0.0,0.0,0.0
1.2707466989813838,0.4754440415589484,0.24033117025471246,0.4754440415589484,-2.4213551289312303,-1.0335203539854867,-2.4213551289312303,-8384.77903572323,-2236.766236920499,0.0,0.0,0.0,0.0,0.0,0.0
1.2861434079823084,0.44780797484203944,0.22362406281740543,0.44780797484203944,-2.615137413075294,-1.0851089954550517,-2.615137413075294,-6339.873132447814,-1589.3735911024687,0.0,0.0,0.0,0.0,0.0,0.0
1.3015746669843793,0.41499951571395133,0.20629275514410514,0.41499951571395133,-2.7875091543229376,-1.1231298542117976,-2.7875091543229376,-4030.6469237097062,-874.422165616907,0.0,0.0,0.0,0.0,0.0,0.0
1.3171000760048628,0.3818768991364948,0.18847790401108053,0.3818768991364948,-2.9211041576220795,-1.1474642059040456,-2.9211041576220795,-4686.75658416059,-757.0302034312353,0.0,0.0,0.0,0.0,0.0,0.0
1.3324700649827719,0.34424340583771906,0.1706837577339111,0.34424340583771906,-3.031083488283003,-1.157720171611348,-3.031083488283003,4913.131669436174,-178.49082458640623,0.0,0.0,0.0,0.0,0.0,0.0
1.3478241929842625,0.3069245042333732,0.15295751819820372,0.3069245042333732,-3.1158177927437474,-1.154493406202327,-3.1158177927437474,6495.867676162315,-278.4474576249122,0.0,0.0,0.0,0.0,0.0,0.0
1.3632736940053292,0.26598994717294105,0.1353754526810186,0.26598994717294105,-3.157832042152534,-1.1380345224878492,-3.157832042152534,-917.927543544356,1393.0347700295315,0.0,0.0,0.0,0.0,0.0,0.0
1.378741232008906,0.22604049083102914,0.11822589432386317,0.22604049083102914,-3.1760171804183495,-1.1087451896474754,-3.1760171804183495,-1221.210400157168,2718.170710780203,0.0,0.0,0.0,0.0,0.0,0.0
1.3941519779909868,0.18345269536254383,0.10177598083958746,0.18345269536254383,-3.1447497230519943,-1.0674313562369655,-3.1447497230519943,-3851.316414133951,-4675.044091223899,0.0,0.0,0.0,0.0,0.0,0.0
1.4096398490073625,0.142486826410278,0.0860630263742938,0.142486826410278,-3.096068773451952,-1.0145328850350037,-3.096068773451952,5772.890233859798,3660.948827796761,0.0,0.0,0.0,0.0,0.0,0.0
1.4251427020062692,0.10001780679241863,0.07131940760940973,0.10001780679241863,-2.994615370136973,-0.9510261605346972,-2.994615370136973,5854.670862657706,3618.5501257243304,0.0,0.0,0.0,0.0,0.0,0.0
1.4406773670052644,0.059813172998594386,0.05768285428847164,0.059813172998594386,-2.8703096925854994,-0.8778144441363998,-2.8703096925854994,8494.345141247857,5009.722944834435,0.0,0.0,0.0,0.0,0.0,0.0
1.4561399380036164,0.021842571663812864,0.04536708801855978,0.021842571663812864,-2.7332892628615157,-0.7964889067429013,-2.7332892628615157,17488.13729191065,8783.491317569467,0.0,0.0,0.0,0.0,0.0,0.0
1.4716537939966656,-0.015995354502897068,0.03438913001811338,-0.015995354502897068,-2.543754091851527,-0.7076227860671733,-2.543754091851527,16389.41189767426,6518.225589126676,0.0,0.0,0.0,0.0,0.0,0.0
1.4871800309920218,-0.052609138633367664,0.024877491659730012,-0.052609138633367664,-2.3028957150518337,-0.6126171049191304,-2.3028957150518337,30920.9419866629,12049.476485452826,0.0,0.0,0.0,0.0,0.0,0.0
1.5026653019885998,-0.08696863416812992,0.01693224332224791,-0.08696863416812992,-2.0152704814825797,-0.5130842294744385,-2.0152704814825797,-5823.371749905504,-2026.2303380785813,0.0,0.0,0.0,0.0,0.0,0.0
1.5180334209871944,-0.11781884375214416,0.0106180793904777,-0.11781884375214416,-1.734309165855106,-0.4108612076954668,-1.734309165855106,-6529.792795702092,-2355.313941627799,0.0,0.0,0.0,0.0,0.0,0.0
1.5336250609834678,-0.1454657842922748,0.005862961773070858,-0.1454657842922748,-1.4318877164299113,-0.30497866924476,-1.4318877164299113,-9345.290222250103,-3359.297857920982,0.0,0.0,0.0,0.0,0.0,0.0
1.5490601820056327,-0.16964113918690266,0.00278694849135664,-0.16964113918690266,-1.1417176601385428,-0.1992866319154266,-1.1417176601385428,19810.937718367415,7581.555726138889,0.0,0.0,0.0,0.0,0.0,0.0
1.5646232980070636,-0.1905439861950692,0.001337703421944869,-0.1905439861950692,-0.8736578650492619,-0.0931204952323511,-0.8736578650492619,31194.720963641725,12108.007198556235,0.0,0.0,0.0,0.0,0.0,0.0
1.5801945659914054,-0.2076771081647851,0.0015158322157540448,-0.2076771081647851,-0.6042501320758379,0.011439581798238889,-0.6042501320758379,40268.56637978866,14874.80491581342,0.0,0.0,0.0,0.0,0.0,0.0
1.5957147640001494,-0.22095420202008653,7.508983638920114e-05,-0.22095420202008653,-0.35065880338961997,-0.09283015452207093,-0.35065880338961997,-7164.220080759268,2578.9012186943496,0.0,0.0,0.0,0.0,0.0,0.0
1.611427577008726,-0.23162334170628174,0.00028956219495390224,-0.23162334170628174,-0.13335023636524276,0.013649520200338066,-0.13335023636524276,-5595.494314679401,1636.4448160379438,0.0,0.0,0.0,0.0,0.0,0.0
1.6270465049892664,-0.23865258555516983,-0.001122375917839476,-0.23865258555516983,0.08429484309532635,-0.09039916917169476,0.08429484309532635,-1974.1807803310292,358.821994193942,0.0,0.0,0.0,0.0,0.0,0.0
1.6425256869988516,-0.24204398731677193,-0.0008848314219295441,-0.24204398731677193,0.28861774969357534,0.015346062586694643,0.28861774969357534,-3569.742398025126,1723.338245175565,0.0,0.0,0.0,0.0,0.0,0.0
1.6579633969813585,-0.24352608757072564,-0.002222468668717622,-0.24352608757072564,0.4626020663377821,-0.08664738800662856,0.4626020663377821,-4504.3999998711715,2617.7073705369253,0.0,0.0,0.0,0.0,0.0,0.0
1.6740413359948434,-0.24159939863620977,-0.0018372867622835725,-0.24159939863620977,0.634558649478921,0.023957169268461045,0.634558649478921,34906.181236228316,1325.3598930174794,0.0,0.0,0.0,0.0,0.0,0.0
1.6894698409887496,-0.23815407268180883,-0.0030326162041239336,-0.23815407268180883,0.7835525543761517,-0.07747539002077526,0.7835525543761517,-1599.7876224051215,-1176.787750704069,0.0,0.0,0.0,0.0,0.0,0.0
1.704819217993645,-0.23148773490919675,-0.0025952702137548088,-0.23148773490919675,0.9233523303710677,0.02849275187062272,0.9233523303710677,-5217.546811854176,3667.461829123016,0.0,0.0,0.0,0.0,0.0,0.0
1.7201483270036988,-0.2236982038291163,-0.0036963806803820367,-0.2236982038291163,1.0470162691119782,-0.07183134165886955,1.0470162691119782,-6673.509691527245,5347.287577680396,0.0,0.0,0.0,0.0,0.0,0.0
1.7357282000011764,-0.2168434164786455,-0.003134113817252794,-0.2168434164786455,1.148420698879525,0.036089309792209034,1.148420698879525,-3830.660954495237,4580.928031115953,0.0,0.0,0.0,0.0,0.0,0.0
1.7512837600079365,-0.2108112036102312,-0.004153045117657706,-0.2108112036102312,1.231572331288913,-0.06550270771107643,1.231572331288913,-2941.0699417847263,3311.137924010944,0.0,0.0,0.0,0.0,0.0,0.0
1.76672110700747,-0.20346885927358402,-0.0035106418378068127,-0.20346885927358402,1.3039431904410885,0.04161358035615246,1.3039431904410885,-14403.830447858782,24366.232650323887,0.0,0.0,0.0,0.0,0.0,0.0
1.782154462998733,-0.1970075962573345,-0.004421788295367388,-0.1970075962573345,1.3632872949458723,-0.059037480770636856,1.3632872949458723,-15191.5023083469,25744.42623914206,0.0,0.0,0.0,0.0,0.0,0.0
1.7977792299934663,-0.1913216848030349,-0.0036496691641595626,-0.1913216848030349,1.411949460639795,0.0494163613107374,1.411949460639795,5745.89058769845,1486.433247374644,0.0,0.0,0.0,0.0,0.0,0.0
1.8131947619840503,-0.18232308234923303,-0.004439172963661696,-0.18232308234923303,1.4657541112562789,-0.05121482670752951,1.4657541112562789,-989.5578695075383,750.0017569195784,0.0,0.0,0.0,0.0,0.0,0.0
1.8289196569821797,-0.1584135478035054,-0.0035312005684005345,-0.1584135478035054,1.4946299867925876,0.05774107842177463,1.4946299867925876,25.163585923099163,1441.8622654482836,0.0,0.0,0.0,0.0,0.0,0.0
1.8445531489851419,-0.13373784257754018,-0.0042288046196259435,-0.13373784257754018,1.4904888263563538,-0.04462240752694487,1.4904888263563538,12442.758995356038,-4316.543085025216,0.0,0.0,0.0,0.0,0.0,0.0
1.8602789909928106,-0.11027437472481856,-0.0032222978043131706,-0.11027437472481856,1.482810745716153,0.06400336559542909,1.482810745716153,-1708.1359391762671,-3878.3956377250115,0.0,0.0,0.0,0.0,0.0,0.0
1.8760254959925078,-0.08640666517422922,-0.0038443611350203978,-0.08640666517422922,1.4400027524090289,-0.03950485080461919,1.4400027524090289,-2013.5715578857348,-4858.419641261019,0.0,0.0,0.0,0.0,0.0,0.0
1.8924596369906794,-0.06256045585878449,-0.0026354403757947818,-0.06256045585878449,1.3861089419462596,0.07356154236233682,1.3861089419462596,-778.9804552562055,357.3064690880448,0.0,0.0,0.0,0.0,0.0,0.0
1.9080632099939976,-0.04026206212275554,-0.0030989894434160525,-0.04026206212275554,1.3302513907684306,-0.02970787956852548,1.3302513907684306,-3349.3246143009383,3696.711776124057,0.0,0.0,0.0,0.0,0.0,0.0
1.9236966949829366,-0.018790576991837157,-0.0018949018889691143,-0.018790576991837157,1.2337469382358994,0.07701977871849143,1.2337469382358994,-2776.2883505269647,2805.5778463079128,0.0,0.0,0.0,0.0,0.0,0.0
1.9394697679963429,0.0009852160373135764,-0.0023371414202947335,0.0009852160373135764,1.1393373879873945,-0.028037626589932148,1.1393373879873945,-11176.410100569425,-1373.8923463144024,0.0,0.0,0.0,0.0,0.0,0.0
1.955085074994713,0.019837210393418656,-0.0011201328808877315,0.019837210393418656,1.0303151674994866,0.07793689483876466,1.0303151674994866,-3348.550528052103,-2051.211422375239,0.0,0.0,0.0,0.0,0.0,0.0
1.9707760309975129,0.03698431178085927,-0.0015468610566903359,0.03698431178085927,0.9235318334601138,-0.02719580475061319,0.9235318334601138,-1478.703592993019,-43.174361781366656,0.0,0.0,0.0,0.0,0.0,0.0
1.9865455179824494,0.05284988999936127,-0.0002980804155457667,0.05284988999936127,0.8019343002632745,0.0791896808271217,0.8019343002632745,-1913.8663988506705,-370.9695367141975,0.0,0.0,0.0,0.0,0.0,0.0
2.00237677100813,0.06711289635970738,-0.0007343356977355701,0.06711289635970738,0.6659680515156489,-0.027556585791543485,0.6659680515156489,27425.14159039832,-3681.303611896271,0.0,0.0,0.0,0.0,0.0,0.0
2.0181562599900644,0.0796123188215384,0.0005008061734511724,0.0796123188215384,0.5315778694444465,0.07827515026632642,0.5315778694444465,2204.1905159922558,-1513.4309185669524,0.0,0.0,0.0,0.0,0.0,0.0
2.0337365430023056,0.08940166681640123,7.44152500801521e-05,0.08940166681640123,0.39301525496966894,-0.027367341340078007,0.39301525496966894,111454.53145223591,-90986.3922354114,0.0,0.0,0.0,0.0,0.0,0.0
2.0493156909942627,0.09766646213895251,0.0012661562086783255,0.09766646213895251,0.2657958194980259,0.07649590075230185,0.2657958194980259,112480.54547160254,-91827.93656233812,0.0,0.0,0.0,0.0,0.0,0.0
2.0652192529814783,0.10397390680223682,0.0007589926332885455,0.10397390680223682,0.1353342901471032,-0.0318899360908879,0.1353342901471032,-2002.2339739617555,-604.9137340297368,0.0,0.0,0.0,0.0,0.0,0.0
2.0806690079916734,0.10896349991036099,0.0018514069233885684,0.10896349991036099,0.02821202676080406,0.07070754774940813,0.02821202676080406,-1175.148627589422,-1310.460338994678,0.0,0.0,0.0,0.0,0.0,0.0
2.096217701007845,0.11230537733929902,0.001298550279857939,0.11230537733929902,-0.057614877298694384,-0.035556470434886786,-0.057614877298694384,-711.349789168905,-745.7275100382153,0.0,0.0,0.0,0.0,0.0,0.0
2.112089205009397,0.11420502430686166,0.0024019062703013985,0.11420502430686166,-0.12279977427888081,0.0695180488462564,-0.12279977427888081,1281.080281912296,819.7803121477041,0.0,0.0,0.0,0.0,0.0,0.0
2.1277327759889886,0.1155017106116375,0.0018107849676629968,0.1155017106116375,-0.17612355572098393,-0.03778685208189212,-0.17612355572098393,545.8275389049804,-1151.8331775705014,0.0,0.0,0.0,0.0,0.0,0.0
2.143312380008865,0.11567446251258073,0.002823784435974148,0.11567446251258073,-0.2166372882339696,0.06502087389504649,-0.2166372882339696,2004.7143756826981,-2502.409831308263,0.0,0.0,0.0,0.0,0.0,0.0
2.1589984209858812,0.11536450992789134,0.0021526955900179044,0.11536450992789134,-0.24613544966289788,-0.04278255086414449,-0.24613544966289788,-199.937065522824,-115.45927769823206,0.0,0.0,0.0,0.0,0.0,0.0
2.1748026679852046,0.11426874064409778,0.0031226682710150657,0.11426874064409778,-0.25963401409901876,0.06137417879122572,-0.25963401409901876,-113.35473104845438,874.518741999494,0.0,0.0,0.0,0.0,0.0,0.0
2.2064509780029766,0.11292421053534683,-0.001827214622411373,0.11292421053534683,-0.27065490049712376,-0.15640275549142618,-0.27065490049712376,258.3971239120806,834.872889997365,0.0,0.0,0.0,0.0,0.0,0.0
2.22237984999083,0.11002019261558968,-0.0025482496705135846,0.11002019261558968,-0.2917561475170241,-0.045265920188953014,-0.2917561475170241,37.940088136362874,-267.36641490927474,0.0,0.0,0.0,0.0,0.0,0.0
2.2379212570085656,0.1070120547493752,-0.001603096352293065,0.1070120547493752,-0.30680613059408673,0.06081517054034543,-0.30680613059408673,-61.03979479345071,-694.4733978931883,0.0,0.0,0.0,0.0,0.0,0.0
2.2537074709834997,0.10356962390895656,-0.0022996966225192193,0.10356962390895656,-0.3063000329102865,-0.04412712708267118,-0.3063000329102865,6.502640453254116,-216.7809061243437,0.0,0.0,0.0,0.0,0.0,0.0
2.269998236995889,0.100217133700312,-0.0012108025033516752,0.100217133700312,-0.29840687314350894,0.06684118588035924,-0.29840687314350894,269.0414189976659,460.89212802556574,0.0,0.0,0.0,0.0,0.0,0.0
2.2856905149819795,0.09674601631788379,-0.0018061396368952128,0.09674601631788379,-0.2795348122491159,-0.037938222485685985,-0.2795348122491159,-375.25590517357523,-1827.253438944427,0.0,0.0,0.0,0.0,0.0,0.0
2.3013299090089276,0.09349153696016647,-0.0007418636095243123,0.09349153696016647,-0.25808358896915606,0.06805097598647716,-0.25808358896915606,-454.68068437472755,-2196.4105335466334,0.0,0.0,0.0,0.0,0.0,0.0
2.317519287986215,0.09035804659172766,-0.0013967887667100868,0.09035804659172766,-0.22758258234956347,-0.04045400123776114,-0.22758258234956347,-129545.5810525287,4733.118721867315,0.0,0.0,0.0,0.0,0.0,0.0
2.3331592209869996,0.08782380687084058,-0.0003756592968620536,0.08782380687084058,-0.1882705825639641,0.06528988773780701,-0.1882705825639641,473.85110434759736,-1249.3147494533325,0.0,0.0,0.0,0.0,0.0,0.0
2.348899161996087,0.08561428057333761,-0.001011765597747315,0.08561428057333761,-0.1508096215471385,-0.040413512383432965,-0.1508096215471385,1104.9888259099298,4148.7197385364625,0.0,0.0,0.0,0.0,0.0,0.0
2.364659496990498,0.08368863848744058,2.5970871483007446e-05,0.08368863848744058,-0.12523686008132515,0.0658448230699616,-0.12523686008132515,1026.4619553244825,3505.085591992815,0.0,0.0,0.0,0.0,0.0,0.0
2.3804821939847898,0.08198381014237419,-0.0006186729354913645,0.08198381014237419,-0.10460275377344246,-0.040741714715698686,-0.10460275377344246,640.419294162565,-2404.478717270314,0.0,0.0,0.0,0.0,0.0,0.0
2.396150388987735,0.080492711626108,0.0003935083730062811,0.080492711626108,-0.08506223637455848,0.06460101551629828,-0.08506223637455848,-1896.0148416523498,14321.884914609771,0.0,0.0,0.0,0.0,0.0,0.0
2.4118115369929,0.07917396480724848,-0.0002509131189826286,0.07917396480724848,-0.07113225655391515,-0.04114778123394117,-0.07113225655391515,-2260.960615508329,16735.633264479035,0.0,0.0,0.0,0.0,0.0,0.0
2.427533855981892,0.07805627539584836,0.0007597975707158615,0.07805627539584836,-0.05851125071374531,0.06428508990347717,-0.05851125071374531,293.7798614361268,-1971.2412363629871,0.0,0.0,0.0,0.0,0.0,0.0
2.443284930981463,0.07707480945461942,9.279598178112386e-05,0.07707480945461942,-0.04888107930686001,-0.04234641692410907,-0.04888107930686001,397.6625801805662,-4242.820788602913,0.0,0.0,0.0,0.0,0.0,0.0
2.4588357640022878,0.07620797737739803,0.0010523569008380283,0.07620797737739803,-0.04098433875321406,0.061704792133765854,-0.04098433875321406,-586.6526439953241,9487.542357195027,0.0,0.0,0.0,0.0,0.0,0.0
2.4743760749988724,0.0754451651494432,0.00037392468785474634,0.0754451651494432,-0.03450901149922438,-0.04365628288471103,-0.03450901149922438,-516.1950390969221,7453.738582202947,0.0,0.0,0.0,0.0,0.0,0.0
2.489875369996298,0.07477389038884295,0.0013018639858816236,0.07477389038884295,-0.029199243150952844,0.0598697746046512,-0.029199243150952844,-195.48040596296232,-3252.244391595152,0.0,0.0,0.0,0.0,0.0,0.0
2.5055153309949674,0.07418316859951474,0.0005775657624709373,0.07418316859951474,-0.024845233105370183,-0.04631074358000726,-0.024845233105370183,545.1123523803899,-1612.2097407157958,0.0,0.0,0.0,0.0,0.0,0.0
2.5209998729988,0.07366333342490591,0.0014606584657757317,0.07366333342490591,-0.0212749448679924,0.05703059884407368,-0.0212749448679924,-116.06772015155698,-1100.3893243543541,0.0,0.0,0.0,0.0,0.0,0.0
2.536702986981254,0.07320667609689796,0.0006813672210633164,0.07320667609689796,-0.01802772926036942,-0.04962654194468473,-0.01802772926036942,12.113633847009178,-288.37894485409424,0.0,0.0,0.0,0.0,0.0,0.0
2.5529429849993903,0.0728099539899404,0.001635694510197988,0.0728099539899404,-0.015141306968273531,0.0587640028076921,-0.015141306968273531,-211.69705209549238,351.695597394571,0.0,0.0,0.0,0.0,0.0,0.0
2.5686698019853793,0.07246014150980801,0.0008771067383094391,0.07246014150980801,-0.012982167215760336,-0.04823530232242002,-0.012982167215760336,-42.807218228019366,-2265.2363263183242,0.0,0.0,0.0,0.0,0.0,0.0
2.58435429999372,0.07215059201122055,0.001759516901902482,0.07215059201122055,-0.01103590398346379,0.05626001948699929,-0.01103590398346379,-46.56498932181766,261.7798840134086,0.0,0.0,0.0,0.0,0.0,0.0
2.600000156002352,0.07187952529528296,0.0009738127503123166,0.07187952529528296,-0.009216262681045091,-0.0502180354438056,-0.009216262681045091,-57.55111518723008,3221.776354400709,0.0,0.0,0.0,0.0,0.0,0.0
2.6158746930013876,0.07163926257863379,0.0018551776841327816,0.07163926257863379,-0.008219504659361167,0.05552067023271347,-0.008219504659361167,8.78376258043803,-601.7167531814923,0.0,0.0,0.0,0.0,0.0,0.0
2.6318505789968185,0.07144990888182563,0.0010043215344606841,0.07144990888182563,-0.007130520687216471,-0.05325877700400744,-0.007130520687216471,18.052461206354096,-1462.8066353665167,0.0,0.0,0.0,0.0,0.0,0.0
2.647541223006556,0.07128284553171824,0.001809432565478459,0.07128284553171824,-0.006413322465293546,0.05131153511086861,-0.006413322465293546,-3.420280956188389,243.44412540374336,0.0,0.0,0.0,0.0,0.0,0.0
2.66305948398076,0.0711351397514089,0.00096822741083384,0.0711351397514089,-0.005729346080369562,-0.05420743703453278,-0.005729346080369562,-3.8069750570396153,-807.3888700723071,0.0,0.0,0.0,0.0,0.0,0.0
2.6785046629956923,0.07100431460421307,0.0017216275424534945,0.07100431460421307,-0.005456106847844903,0.04877898345440153,-0.005456106847844903,-4.223978855493134,-1542.3190494781402,0.0,0.0,0.0,0.0,0.0,0.0
2.6947178060072474,0.07088951758349864,0.0007273399496788718,0.07088951758349864,-0.004784639689484592,-0.06132602371212029,-0.004784639689484592,-6.356447835118701,-256.70978282296056,0.0,0.0,0.0,0.0,0.0,0.0
2.710285996989114,0.07078783535904135,0.0013944536065854057,0.07078783535904135,-0.0046015527731211705,0.04285107098721758,-0.0046015527731211705,-322.05496423188697,67604.5321269514,0.0,0.0,0.0,0.0,0.0,0.0
2.7258526340010576,0.07071260857120558,0.00042219154008878927,0.07071260857120558,-0.0040998842731412265,-0.06245806758072771,-0.0040998842731412265,-326.43333763253884,68514.83708902005,0.0,0.0,0.0,0.0,0.0,0.0
2.7415602410037536,0.07064607335944005,0.0010963242995834926,0.07064607335944005,-0.004040053373629126,0.04291759778424534,-0.004040053373629126,0.6391881855205446,474.8740809923023,0.0,0.0,0.0,0.0,0.0,0.0
2.7576575679995585,0.07058822237976714,3.7967246166594566e-05,0.07058822237976714,-0.0035595599732692086,-0.06574737866061331,-0.0035595599732692086,5.120520364382195,-492.668405512785,0.0,0.0,0.0,0.0,0.0,0.0
2.773202009004308,0.07053691932510531,0.0006428528268103089,0.07053691932510531,-0.0033413239783002873,0.03891330543561522,-0.0033413239783002873,2.4470955723426826,-657.1630040009456,0.0,0.0,0.0,0.0,0.0,0.0
2.788975097006187,0.07047514949833746,-0.00041560079557317637,0.07047514949833746,-0.0030505176945484908,-0.06710503499742089,-0.0030505176945484908,1.0225698546347153,-313.2622603451597,0.0,0.0,0.0,0.0,0.0,0.0
2.8054617239977233,0.07042690817759366,0.0003148363985655667,0.07042690817759366,-0.002875972409230464,0.04430482927245933,-0.002875972409230464,1.0461577589425657,269.72814962088825,0.0,0.0,0.0,0.0,0.0,0.0
2.8208382099983282,0.07036852318400685,-0.0005914338857717635,0.07036852318400685,-0.002652950441071624,-0.05893871228456724,-0.002652950441071624,-1.2856964859138458,-3394.1125562516127,0.0,0.0,0.0,0.0,0.0,0.0
2.836184980988037,0.07032736974217488,9.442793065852801e-05,0.07032736974217488,-0.002613883128737879,0.04469095270205202,-0.002613883128737879,-1.3922354626110103,-3708.313680090199,0.0,0.0,0.0,0.0,0.0,0.0
2.852000221988419,0.07031325436296494,-0.0008756363128482881,0.07031325436296494,-0.0026937007005014887,-0.06133730390092513,-0.0026937007005014887,-0.1418240197834162,-162.0688555971685,0.0,0.0,0.0,0.0,0.0,0.0
2.869507650990272,0.0703008319997094,0.00012574546835535116,0.0703008319997094,-0.002759151109347649,0.05719753489205406,-0.002759151109347649,-0.1253994689256812,162.19998415959952,0.0,0.0,0.0,0.0,0.0,0.0
2.8849710729846265,0.07029876486358412,-0.0005982576812549762,0.07029876486358412,-0.002716946643563831,-0.04682037067051832,-0.002716946643563831,-1.457493440179583,-770.6180998633592,0.0,0.0,0.0,0.0,0.0,0.0
2.9003087439923547,0.07028343969190781,0.00026741806119820607,0.07028343969190781,-0.0025225493551345015,0.05644114690013843,-0.0025225493551345015,6.592592045967123,-3446.1709386139246,0.0,0.0,0.0,0.0,0.0,0.0
2.9156858990027104,0.07026805338426459,-0.0004566018148742843,0.07026805338426459,-0.002363143536712935,-0.04708412418193766,-0.002363143536712935,-40.64468905614916,-5717.85956680928,0.0,0.0,0.0,0.0,0.0,0.0
2.9310302259982564,0.0702715117472741,0.00040455340462770774,0.0702715117472741,-0.0022484097324468617,0.05612205864434191,-0.0022484097324468617,-3.6640661003394315,-3297.705245582527,0.0,0.0,0.0,0.0,0.0,0.0
2.9470437539857812,0.07027710124108999,-0.00042473917536966696,0.07027710124108999,-0.002394012515542855,-0.051787000381391494,-0.002394012515542855,-0.733304905199132,-500.80045057601774,0.0,0.0,0.0,0.0,0.0,0.0
2.962751210987335,0.07026263713232428,0.0004228496112072864,0.07026263713232428,-0.0022417643614081736,0.05396091719322263,-0.0022417643614081736,0.29769494936030316,126.17704660006828,0.0,0.0,0.0,0.0,0.0,0.0
2.9782362440018915,0.07025843018702911,-0.0003567382869161289,0.07025843018702911,-0.002436500169900449,-0.050344606781953787,-0.002436500169900449,-1.197725548003021,3247.2457765859,0.0,0.0,0.0,0.0,0.0,0.0
2.993758866999997,0.0702491361773234,0.000482561373605768,0.0702491361773234,-0.0024683518400567387,0.05406944822562127,-0.0024683518400567387,-0.979329507203178,1760.8089167339665,0.0,0.0,0.0,0.0,0.0,0.0
3.0093844019866083,0.07024839454996874,-0.00031795400611514936,0.07024839454996874,-0.0026063229774621766,-0.051231230188715345,-0.0026063229774621766,24.79040188366497,-12289.292507958331,0.0,0.0,0.0,0.0,0.0,0.0
3.0250006160058547,0.07025250524036762,0.0005222889574075694,0.07025250524036762,-0.0028153331111723055,0.05380580481845022,-0.0028153331111723055,23.148430476255932,-11631.217924106082,0.0,0.0,0.0,0.0,0.0,0.0
3.040906531998189,0.07026270824880423,-0.00032722083446417845,0.07026270824880423,-0.0026351841503431572,-0.053408416860817695,-0.0026351841503431572,-44.41079897241673,-270.424156613024,0.0,0.0,0.0,0.0,0.0,0.0
3.056527195003582,0.07026531917336448,0.0004807224273175177,0.07026531917336448,-0.002615293737180148,0.051722725309595034,-0.002615293737180148,-0.15540552508981342,-518.9998664331564,0.0,0.0,0.0,0.0,0.0,0.0
3.072824214003049,0.07026944607006663,-0.00046511499645153726,0.07026944607006663,-0.0025830046315468685,-0.058037449904182296,-0.0025830046315468685,-0.2947479359543079,210.03809366776488,0.0,0.0,0.0,0.0,0.0,0.0
3.089420086995233,0.07028061719507603,0.0004293791945682511,0.07028061719507603,-0.002716317191414179,0.05389859222476926,-0.002716317191414179,-1.5194318321054716,620.7561500308373,0.0,0.0,0.0,0.0,0.0,0.0
3.105538476986112,0.07029624284124213,-0.00045192036455104655,0.07029624284124213,-0.0028096545655752784,-0.05467664944315095,-0.0028096545655752784,0.11305361334997044,93.44712454786499,0.0,0.0,0.0,0.0,0.0,0.0
3.1208611670008395,0.07031083959491499,0.0002923894961368872,0.07031083959491499,-0.00279031741134971,0.048575665237144315,-0.00279031741134971,-0.8710375955574179,-425.7298916678917,0.0,0.0,0.0,0.0,0.0,0.0
3.1365461020031944,0.07033053031744178,-0.0005990478684513488,0.07033053031744178,-0.002966208546960083,-0.05683398525109581,-0.002966208546960083,1.2109580863369729,-640.9060762923482,0.0,0.0,0.0,0.0,0.0,0.0
3.151948624989018,0.07036054437289427,0.00012677333352717382,0.07036054437289427,-0.002934670601015346,0.04712352662265596,-0.002934670601015346,2.037129957566428,-1841.0690960719444,0.0,0.0,0.0,0.0,0.0,0.0
3.167421602003742,0.07038781580283521,-0.0007505120115792455,0.07038781580283521,-0.0028289146930521197,-0.05669790269006341,-0.0028289146930521197,0.6796240087373278,-230.09201060462,0.0,0.0,0.0,0.0,0.0,0.0
3.1829785429872572,0.07040570347859856,2.664972173960895e-06,0.07040570347859856,-0.002854047616399555,0.048414208458546104,-0.002854047616399555,-37.06223848429519,2826.5601606926543,0.0,0.0,0.0,0.0,0.0,0.0
3.1984719100000802,0.07039850878552333,-0.0008569532779001721,0.07039850878552333,-0.0022674558736392137,-0.0554829850324125,-0.0022674558736392137,-7.8171361907628345,938.5529292494773,0.0,0.0,0.0,0.0,0.0,0.0
3.2138160140020773,0.0703574546685896,-0.00011675146636397305,0.0703574546685896,-0.0015947030844099112,0.04824014562465562,-0.0015947030844099112,2.8797803906916357,-1602.339700164546,0.0,0.0,0.0,0.0,0.0,0.0
3.2292736810049973,0.07034178888959115,-0.000971905429322599,0.07034178888959115,-0.00190590996467139,-0.05532231757852464,-0.00190590996467139,6.475446535016417,-3888.9365678177696,0.0,0.0,0.0,0.0,0.0,0.0
3.24469618400326,0.07032016569947418,-0.00021598936601843071,0.07032016569947418,-0.00203326787176891,0.0490138379865656,-0.00203326787176891,3.699513826096115,-3371.7700726919925,0.0,0.0,0.0,0.0,0.0,0.0
3.260376277990872,0.07030693438239323,-0.001093802249256233,0.07030693438239323,-0.0012269003295500515,-0.05598262892628774,-0.0012269003295500515,6.096127012257714,-1093.123737060539,0.0,0.0,0.0,0.0,0.0,0.0
3.2759026550047565,0.07029190932993731,-0.0003304235702368789,0.07029190932993731,-0.0018919330668897964,0.04916656850060389,-0.0018919330668897964,20.770561066685538,-1224.6646995365554,0.0,0.0,0.0,0.0,0.0,0.0
3.2916232889983803,0.07027799314468723,-0.0012110444891115237,0.07027799314468723,-0.0018939750808711115,-0.056016883239684845,-0.0018939750808711115,3.6222941914261497,4892.325552724362,0.0,0.0,0.0,0.0,0.0,0.0
3.3073635319888126,0.07026730892528138,-0.00041344903116088787,0.07026730892528138,-0.0018157547400472478,0.05067237262064203,-0.0018157547400472478,3.7108098248845405,6952.260948868049,0.0,0.0,0.0,0.0,0.0,0.0
3.32303271398996,0.07026356185332694,-0.0012618162817220086,0.07026356185332694,-0.002151088147742936,-0.05414240835922355,-0.002151088147742936,6.984907581217331,1985.9440444990983,0.0,0.0,0.0,0.0,0.0,0.0
3.3389041149930563,0.07026080109338669,-0.00041387747185785855,0.07026080109338669,-0.0020425664217217556,0.053425580369289995,-0.0020425664217217556,-2.2330520835191816,-354.9748406781746,0.0,0.0,0.0,0.0,0.0,0.0
3.3548964340006933,0.07025642927689928,-0.0012714539875700083,0.07025642927689928,-0.0025128424038612755,-0.05362427521003182,-0.0025128424038612755,-6.164771658250209,-1247.979314030843,0.0,0.0,0.0,0.0,0.0,0.0
3.370592293998925,0.07025272950164071,-0.0004435321016710103,0.07025272950164071,-0.002339204869829278,0.052747787377835136,-0.002339204869829278,-2.9983859872346272,-776.7765792699679,0.0,0.0,0.0,0.0,0.0,0.0
3.386551559990039,0.07024948580263757,-0.001305961000257416,0.07024948580263757,-0.0025643383292341055,-0.05403938370765886,-0.0025643383292341055,-9.13112014794676,-786.9262062196208,0.0,0.0,0.0,0.0,0.0,0.0
3.402217524999287,0.07024594565029599,-0.0004887054401478474,0.07024594565029599,-0.0025891580975499484,0.052167584928673544,-0.0025891580975499484,0.8354718603774955,632.4996185666612,0.0,0.0,0.0,0.0,0.0,0.0
3.4177782879851293,0.07024201953464553,-0.0012963616276050454,0.07024201953464553,-0.002705384108606609,-0.051903379557418104,-0.002705384108606609,3.687225589094602,1645.6599043716376,0.0,0.0,0.0,0.0,0.0,0.0
3.4334891049948055,0.07024559692080025,-0.00043943181535138895,0.07024559692080025,-0.0027048156366354017,0.0545439369401269,-0.0027048156366354017,-0.23327482963488588,330.9979115779206,0.0,0.0,0.0,0.0,0.0,0.0
3.449481799005298,0.07024698106615389,-0.0012793414092564244,0.07024698106615389,-0.0028960970916943494,-0.05251833076741099,-0.0028960970916943494,-2.235181033742659,-677.6946904091515,0.0,0.0,0.0,0.0,0.0,0.0
3.4651022540056147,0.07024809838566609,-0.0004464621338724538,0.07024809838566609,-0.0028292423490881256,0.05331978328205425,-0.0028292423490881256,7.674274109797665,3202.850500360248,0.0,0.0,0.0,0.0,0.0,0.0
3.480692757992074,0.0702463712126665,-0.0012417747517314785,0.0702463712126665,-0.003078021788194125,-0.051012630415910414,-0.003078021788194125,11.39984978140724,4478.379246536937,0.0,0.0,0.0,0.0,0.0,0.0
3.496387336985208,0.07024404244937522,-0.00037450702811704715,0.07024404244937522,-0.0030103785338971645,0.05525906263518293,-0.0030103785338971645,0.5175524053227818,-1008.7820856970045,0.0,0.0,0.0,0.0,0.0,0.0
3.5121340109908488,0.07024151511135837,-0.0011653904743608424,0.07024151511135837,-0.00298686899905288,-0.05022542830063597,-0.00298686899905288,0.11635094903601839,-5006.78025892919,0.0,0.0,0.0,0.0,0.0,0.0
3.5278444110008422,0.07024379485442553,-0.0002844517209038887,0.07024379485442553,-0.00299954911415979,0.05607360429375332,-0.00299954911415979,0.2928632823633366,-2603.747375019193,0.0,0.0,0.0,0.0,0.0,0.0
3.543230406008661,0.07024544293542567,-0.001008885154797669,0.07024544293542567,-0.0029300519743493984,-0.04708395092586797,-0.0029300519743493984,-0.3974931467898557,1969.9525127773786,0.0,0.0,0.0,0.0,0.0,0.0
3.558679729991127,0.07024587381366038,-0.00012443893087784295,0.07024587381366038,-0.002952959153902935,0.05724821519204424,-0.002952959153902935,-0.2988494858678854,1339.885579008222,0.0,0.0,0.0,0.0,0.0,0.0
3.574469120008871,0.07024568714785961,-0.0008944775927413928,0.07024568714785961,-0.0029397851074576117,-0.048769373674231675,-0.0029397851074576117,2.9693033363456323,-662.9283069045605,0.0,0.0,0.0,0.0,0.0,0.0
3.5898903950001113,0.07024431977838802,-4.1215661729852274e-05,0.07024431977838802,-0.0028650665220140005,0.05533018064305394,-0.0028650665220140005,1.6709582734073933,2596.528478589871,0.0,0.0,0.0,0.0,0.0,0.0
3.6052757629950065,0.07024157677826863,-0.0007795301126751358,0.07024157677826863,-0.002931629016667132,-0.04798809174991794,-0.002931629016667132,2.119233791425774,1267.2947448582452,0.0,0.0,0.0,0.0,0.0,0.0
3.620596961991396,0.07023817948190106,6.817930894992361e-05,0.07023817948190106,-0.003098062988250464,0.055329182906953656,-0.003098062988250464,3.8521763124297523,-2117.6823915483915,0.0,0.0,0.0,0.0,0.0,0.0
3.636120774986921,0.07024143805764968,-0.0006925235531441199,0.07024143805764968,-0.003122686118981032,-0.0490023206484981,-0.003122686118981032,0.3118744984589199,-135.80776179345838,0.0,0.0,0.0,0.0,0.0,0.0
3.65192221198231,0.07025314007717709,0.00021625896308469347,0.07025314007717709,-0.0028712346918162174,0.057512650051638047,-0.0028712346918162174,3.013446921609747,660.7533560969484,0.0,0.0,0.0,0.0,0.0,0.0
3.667316873994423,0.07026335104206959,-0.0004937338596153519,0.07026335104206959,-0.002840813114867281,-0.046119416076909475,-0.002840813114867281,-0.09262934549159141,320.0063980499431,0.0,0.0,0.0,0.0,0.0,0.0
3.6842433440033346,0.07027858989789552,0.0006527265712427028,0.07027858989789552,-0.0028797832891275985,0.06773180883281958,-0.0028797832891275985,-1.480210914711492,-83.98105580680829,0.0,0.0,0.0,0.0,0.0,0.0
3.699678931996459,0.07028879608843958,8.51309669252199e-05,0.07028879608843958,-0.002783907097304167,-0.036771880965617024,-0.002783907097304167,-4.43546381587322,9303.103593658372,0.0,0.0,0.0,0.0,0.0,0.0
3.7151256979850587,0.07029147849746711,0.0011114816098203792,0.07029147849746711,-0.002833120354725845,0.06644437053378388,-0.002833120354725845,-4.0279436028439655,7364.1710859475415,0.0,0.0,0.0,0.0,0.0,0.0
3.7306278529867996,0.07030166292916709,0.0005095889871969496,0.07030166292916709,-0.002953370060009679,-0.03882638398053917,-0.002953370060009679,-3.2252826444156426,-2480.392430366272,0.0,0.0,0.0,0.0,0.0,0.0
3.7459460870013572,0.07031650578916346,0.0014786805996787494,0.07031650578916346,-0.003004037917823588,0.06326392530371457,-0.003004037917823588,0.2919195042685668,-586.0868390173339,0.0,0.0,0.0,0.0,0.0,0.0
3.7645096159831155,0.07033386074538747,0.0003085834596681554,0.07033386074538747,-0.002997648702621675,-0.06303204208426116,-0.002997648702621675,1.0985683375607422,290.2514654328851,0.0,0.0,0.0,0.0,0.0,0.0
3.7798914639861323,0.07034907494427282,0.0009278419703044555,0.07034907494427282,-0.003072304338444648,0.040259044980475986,-0.003072304338444648,-0.26819905518584974,-952.6837548282579,0.0,0.0,0.0,0.0,0.0,0.0
3.795386812009383,0.07036078212326101,-6.610278143787617e-05,0.07036078212326101,-0.003101564026140263,-0.06414471945069697,-0.003101564026140263,-0.23709838878758693,-859.1154455558541,0.0,0.0,0.0,0.0,0.0,0.0
3.812612759997137,0.0703760217546691,0.0008275693197001188,0.0703760217546691,-0.002965767301654552,0.05187941480917695,-0.002965767301654552,0.07627570162199238,-75.32602898971209,0.0,0.0,0.0,0.0,0.0,0.0
3.83068192700739,0.07040149860199427,-0.0004396075667446517,0.07040149860199427,-0.0029023508880951033,-0.07012923649029917,-0.0029023508880951033,0.1304713120868483,-193.7306214911813,0.0,0.0,0.0,0.0,0.0,0.0
3.8460945679980796,0.07042550335953295,8.626400047683934e-05,0.07042550335953295,-0.002786433561617909,0.034119497595458306,-0.002786433561617909,-9.62768900237296,12540.009021747974,0.0,0.0,0.0,0.0,0.0,0.0
3.8614990210044198,0.07044553087749482,-0.0009747233105881211,0.07044553087749482,-0.0027073603207462215,-0.06887536419685095,-0.0027073603207462215,-8.50387868451254,11040.694924076888,0.0,0.0,0.0,0.0,0.0,0.0
3.8768364319985267,0.07046200676763463,-0.0004342938811515055,0.07046200676763463,-0.0027703519979483298,0.035236027100288475,-0.0027703519979483298,1.182715689610463,-1991.3257808789526,0.0,0.0,0.0,0.0,0.0,0.0
3.892411632987205,0.07048165107599996,-0.0015016740507139922,0.07048165107599996,-0.0026941734385371664,-0.06853074771480444,-0.0026941734385371664,0.32729615238737964,709.2414086468032,0.0,0.0,0.0,0.0,0.0,0.0
3.9080792859895155,0.07050567987827898,-0.0009028646315147743,0.07050567987827898,-0.0026636649534992353,0.03821947161523859,-0.0026636649534992353,-2.0289168861665807,-163.08860647976525,0.0,0.0,0.0,0.0,0.0,0.0
3.923827088001417,0.07052959674290284,-0.0019487237092994899,0.07052959674290284,-0.0029901852662395857,-0.06641301922606696,-0.0029901852662395857,-0.3244618540714086,837.2900672251718,0.0,0.0,0.0,0.0,0.0,0.0
3.939624669001205,0.07055008771597707,-0.0012929065621382777,0.07055008771597707,-0.002890415685375608,0.04151377018861399,-0.002890415685375608,19.13490641583826,4942.57853576104,0.0,0.0,0.0,0.0,0.0,0.0
3.9553682639962062,0.07056652918381325,-0.0022827957206018887,0.07056652918381325,-0.002920457396944427,-0.06287567476030112,-0.002920457396944427,-0.15527940684770414,376.4818082127961,0.0,0.0,0.0,0.0,0.0,0.0
3.9710440039925743,0.07058134556350008,-0.0015870543883321645,0.07058134556350008,-0.002849217799393189,0.04438331666836266,-0.002849217799393189,-1.4496870886827047,-2007.1424730591639,0.0,0.0,0.0,0.0,0.0,0.0
3.9869728119811043,0.07059824038774512,-0.0025599919526620345,0.07059824038774512,-0.002838738188010493,-0.061080374942711166,-0.002838738188010493,-0.07493618662185852,-685.2938330222684,0.0,0.0,0.0,0.0,0.0,0.0
4.002516445994843,0.0706141895935458,-0.0018536914675405468,0.0706141895935458,-0.002878081849105032,0.04543985560244219,-0.002878081849105032,5.393978797182541,-5796.981030081327,0.0,0.0,0.0,0.0,0.0,0.0
4.018078678986058,0.07062834982740172,-0.0027472780862964714,0.07062834982740172,-0.0027825119164856626,-0.05742020565174469,-0.0027825119164856626,4.8916135800219624,-3871.0919157523967,0.0,0.0,0.0,0.0,0.0,0.0
4.033703489985783,0.07064764852868986,-0.0019706571485949083,0.07064764852868986,-0.002528375978411568,0.04970434123748626,-0.002528375978411568,4.044070978369683,1704.6222247906412,0.0,0.0,0.0,0.0,0.0,0.0
4.064191724988632,0.07066517589181794,-0.006600394169092524,0.07066517589181794,-0.0025596689698754683,-0.15185323191273395,-0.0025596689698754683,-1.8096322599455625,-903.6852783978433,0.0,0.0,0.0,0.0,0.0,0.0
4.0797148819838185,0.07067870238091155,-0.007221642440428831,0.07067870238091155,-0.002713160957592758,-0.040020742657498276,-0.002713160957592758,0.19470732427137705,-702.9315015777524,0.0,0.0,0.0,0.0,0.0,0.0
4.095085487992037,0.07069201902202349,-0.0061719277876235625,0.07069201902202349,-0.002743150586483267,0.06829364126853468,-0.002743150586483267,-1.752143073663234,-1256.3725227516493,0.0,0.0,0.0,0.0,0.0,0.0
4.1105773839808535,0.070703165642104,-0.006658440213663867,0.070703165642104,-0.0027677420821734843,-0.0314043178699055,-0.0027677420821734843,0.6333878620694691,-2320.914954132984,0.0,0.0,0.0,0.0,0.0,0.0
4.1259845689928625,0.07071216284887291,-0.00547947770816637,0.07071216284887291,-0.002771928099890335,0.07652030559628911,-0.002771928099890335,-0.030319987536055137,-1867.6658548567975,0.0,0.0,0.0,0.0,0.0,0.0
4.141582687996561,0.07071937677753383,-0.005863315720378523,0.07071937677753383,-0.0027434027426484456,-0.024607967930052852,-0.0027434027426484456,0.42484267707050805,-24.28772691278033,0.0,0.0,0.0,0.0,0.0,0.0
4.157389237981988,0.0707232971039537,-0.004514770542426181,0.0707232971039537,-0.0025921802988122357,0.08531559253572772,-0.0025921802988122357,16.2153828119674,-1533.5004832287204,0.0,0.0,0.0,0.0,0.0,0.0
4.172990407998441,0.07072601201918012,-0.0047769194496450115,0.07072601201918012,-0.0027877571059302265,-0.016803156874925063,-0.0027877571059302265,0.6942438531150916,-133.97353666232877,0.0,0.0,0.0,0.0,0.0,0.0
4.188426106993575,0.0707294950538097,-0.0033952039238504916,0.0707294950538097,-0.002868235295478437,0.08951428284719126,-0.002868235295478437,-12.826887327181964,-762.6318474311072,0.0,0.0,0.0,0.0,0.0,0.0
4.204021070007002,0.07073333237054,-0.003606245501427676,0.07073333237054,-0.0028703115435495235,-0.013532675736099932,-0.0028703115435495235,-0.7236579651023334,559.1507132298469,0.0,0.0,0.0,0.0,0.0,0.0
4.2197035959979985,0.0707364895393294,-0.0021399986208292562,0.0707364895393294,-0.0029678878680054837,0.09349558109708873,-0.0029678878680054837,-1.3634052327367705,1761.8596937438324,0.0,0.0,0.0,0.0,0.0,0.0
4.235182598000392,0.07073998787397692,-0.002292380664136423,0.07073998787397692,-0.002808215951465198,-0.009844435919292502,-0.002808215951465198,-0.24697609863500247,-6480.7701876061765,0.0,0.0,0.0,0.0,0.0,0.0
4.250646665983368,0.07074240372406408,-0.0008295161554287356,0.07074240372406408,-0.0028051166727095403,0.09459765116903082,-0.0028051166727095403,-3.227159012693619,3735.3687420600254,0.0,0.0,0.0,0.0,0.0,0.0
4.266101012995932,0.07074234809176352,-0.0009779200778513662,0.07074234809176352,-0.002754638405520582,-0.00960273004753785,-0.002754638405520582,-4.643996766118368,9521.201312699992,0.0,0.0,0.0,0.0,0.0,0.0
4.28146849499899,0.07074313353948843,0.0004541295117779728,0.07074313353948843,-0.0027771620937840826,0.09318700287688178,-0.0027771620937840826,0.5104073069549848,-1591.6945679892456,0.0,0.0,0.0,0.0,0.0,0.0
4.297083120007301,0.07074580550044185,0.00025046501137784773,0.07074580550044185,-0.002827589451839376,-0.013043188695964278,-0.002827589451839376,1.7704646486699644,-1739.2037078711649,0.0,0.0,0.0,0.0,0.0,0.0
4.312620127981063,0.07075011321350319,0.0016492801407889043,0.07075011321350319,-0.002916876744054035,0.09003117793163726,-0.002916876744054035,9.414506373432545,-8398.394439495638,0.0,0.0,0.0,0.0,0.0,0.0
4.328172340989113,0.07075888465421387,0.001391012164767605,0.07075888465421387,-0.0027983447635042333,-0.016606509690139812,-0.0027983447635042333,6.859954572004646,-6112.257783706062,0.0,0.0,0.0,0.0,0.0,0.0
4.343842461996246,0.07077237148500026,0.0027475013449158453,0.07077237148500026,-0.0028449592410098993,0.08656532898059585,-0.0028449592410098993,1.223291944113221,1432.6698973340738,0.0,0.0,0.0,0.0,0.0,0.0
4.359343543997966,0.0707844360256773,0.002430207459784127,0.0707844360256773,-0.0026594775768099843,-0.02046914435369855,-0.0026594775768099843,2.4175374293168943,-6346.497859907957,0.0,0.0,0.0,0.0,0.0,0.0
4.3748300510051195,0.07079403937383777,0.0036815539443014944,0.07079403937383777,-0.0026991302142413925,0.08080237098910223,-0.0026991302142413925,2.811722843577039,-7181.895352810501,0.0,0.0,0.0,0.0,0.0,0.0
4.3907487239921466,0.07080220760795668,0.0032088787248525466,0.07080220760795668,-0.0026517505427370892,-0.029693129561374394,-0.0026517505427370892,0.0602457853806071,-135.62234508952048,0.0,0.0,0.0,0.0,0.0,0.0
4.4075856909912545,0.07080742799603881,0.00455625770167589,0.07080742799603881,-0.0026927940882111342,0.08002504114278582,-0.0026927940882111342,-0.2242930753015422,198.5128707871031,0.0,0.0,0.0,0.0,0.0,0.0
4.422985538985813,0.07081407419307789,0.00413258014166562,0.07081407419307789,-0.002774386612199654,-0.02751180142557108,-0.002774386612199654,0.37362578202899854,125.214894441138,0.0,0.0,0.0,0.0,0.0,0.0
4.440243346994976,0.07081913784706984,0.005583985386204035,0.07081913784706984,-0.002841292523779756,0.08410136697359426,-0.002841292523779756,5.126631065338657,46.34171972877789,0.0,0.0,0.0,0.0,0.0,0.0
4.455682825995609,0.070829361250181,0.005204197765081796,0.070829361250181,-0.002976050205473497,-0.024598473893235356,-0.002976050205473497,0.5952287599415165,-926.2032357571388,0.0,0.0,0.0,0.0,0.0,0.0
4.471022035984788,0.07083794913000069,0.006335045611790312,0.07083794913000069,-0.0030386145620340146,0.07372269155362433,-0.0030386145620340146,2.2302752844947484,-1449.371658270671,0.0,0.0,0.0,0.0,0.0,0.0
4.48654057100066,0.07084433665404731,0.005778909930782743,0.07084433665404731,-0.003153833201772085,-0.0358368673614342,-0.003153833201772085,2.6930858937366793,-2179.697210955827,0.0,0.0,0.0,0.0,0.0,0.0
4.501999411993893,0.07084995767520834,0.006754447489439064,0.07084995767520834,-0.003248312486357303,0.063105478546765,-0.003248312486357303,59.94293397514164,-5361.2333059739885,0.0,0.0,0.0,0.0,0.0,0.0
4.51749130198732,0.07085199860137681,0.006037023669293055,0.07085199860137681,-0.00233508972329933,-0.046309638168769894,-0.00233508972329933,37.563592449651004,-4821.179114970828,0.0,0.0,0.0,0.0,0.0,0.0
4.532905517000472,0.07084052197389157,0.006845070490034304,0.07084052197389157,-0.0034398070433486663,0.052422184331267704,-0.0034398070433486663,-37.265353876654444,5253.594610537449,0.0,0.0,0.0,0.0,0.0,0.0
4.548303357994882,0.07083134090480622,0.00598092309742123,0.07083134090480622,-0.002651904970337879,-0.056121334992793974,-0.002651904970337879,-5.3722400178841525,659.0271091635398,0.0,0.0,0.0,0.0,0.0,0.0
4.563683807995403,0.07083027783324558,0.006637512302094973,0.07083027783324558,-0.003348058191629791,0.04268985658101727,-0.003348058191629791,49.672238165230134,-6600.823694916428,0.0,0.0,0.0,0.0,0.0,0.0
4.5791696310043335,0.0708222127911854,0.005614474259864576,0.0708222127911854,-0.004270441187379645,-0.06606287839144423,-0.004270441187379645,-57.811429858387555,-5632.9043983253505,0.0,0.0,0.0,0.0,0.0,0.0
4.594634228997165,0.07082139257328368,0.006137574708740071,0.07082139257328368,-0.003253130050426192,0.03382567391133986,-0.003253130050426192,-85.37971196656554,-37128.65126351974,0.0,0.0,0.0,0.0,0.0,0.0
4.610102206002921,0.07082027439937616,0.0049899860632196215,0.07082027439937616,-0.0035214835043290093,-0.07419125623819034,-0.0035214835043290093,-82.77014384184046,-41431.68989694321,0.0,0.0,0.0,0.0,0.0,0.0
4.625558450003155,0.07082433066720656,0.005396933527255749,0.07082433066720656,-0.0026869216927530217,0.026329001019262804,-0.0026869216927530217,-87.74016909604423,-10045.043335069033,0.0,0.0,0.0,0.0,0.0,0.0
4.64108169398969,0.0708323843638264,0.004134691861514887,0.0708323843638264,-0.0022103074923566298,-0.08131300821114922,-0.0022103074923566298,13.402491232055244,-2466.1815040862625,0.0,0.0,0.0,0.0,0.0,0.0
4.656471792986849,0.07083388156754601,0.004436469728734189,0.07083388156754601,-0.0023308107449896416,0.019608572191446613,-0.0023308107449896416,-74.7155356138,-22271.659053511034,0.0,0.0,0.0,0.0,0.0,0.0
4.671866821008734,0.07084028825877,0.003108751185768392,0.07084028825877,-0.002685286797763464,-0.08624333395680409,-0.002685286797763464,-66.65255229467834,-19545.786088132587,0.0,0.0,0.0,0.0,0.0,0.0
4.687316555005964,0.07084149582391039,0.0033555904657289856,0.07084149582391039,-0.003135746913253146,0.01597692749951924,-0.003135746913253146,-3214.7075006473297,472037.3276470215,0.0,0.0,0.0,0.0,0.0,0.0
4.70276606499101,0.07084695545674906,0.0019754254583472988,0.07084695545674906,-0.0024185545466801324,-0.08933390176889366,-0.0024185545466801324,-3191.007553373172,468556.72876358527,0.0,0.0,0.0,0.0,0.0,0.0
4.7181478709972,0.07085194003820433,0.0021811470070416646,0.07085194003820433,-0.002661362997931029,0.013374342948518905,-0.002661362997931029,-2.2520224669468263,3287.8530879515192,0.0,0.0,0.0,0.0,0.0,0.0
4.733508136996534,0.07085267393899342,0.0007929847880554638,0.07085267393899342,-0.0025728445248437565,-0.09037357940587694,-0.0025728445248437565,-4.516107758948785,5132.1230036218585,0.0,0.0,0.0,0.0,0.0,0.0
4.749196700984612,0.07085574775758889,0.0010333805378890792,0.07085574775758889,-0.002020890455542879,0.015322992596154055,-0.002020890455542879,3.9600245224720254,807.4895088661123,0.0,0.0,0.0,0.0,0.0,0.0
4.764678439009003,0.07085555448553175,-0.0003355423517420581,0.07085555448553175,-0.0025430049702039152,-0.08842178361850694,-0.0025430049702039152,0.360642677624206,-462.30397102400565,0.0,0.0,0.0,0.0,0.0,0.0
4.780052115995204,0.07085558177469195,-9.023134994100236e-05,0.07085558177469195,-0.002459811975267912,0.015956560165875988,-0.002459811975267912,-6.7375355532457775,5717.5048887164585,0.0,0.0,0.0,0.0,0.0,0.0
4.795410475984681,0.07085601648218984,-0.0014130280076513494,0.07085601648218984,-0.002343656818901555,-0.08612877016925305,-0.002343656818901555,-10.500946927188329,7870.244729266501,0.0,0.0,0.0,0.0,0.0,0.0
4.8108528750017285,0.07085851990849215,-0.0011122820330327918,0.07085851990849215,-0.0018808933952795927,0.019475340216669596,-0.0018808933952795927,3.847461344694012,853.539982556878,0.0,0.0,0.0,0.0,0.0,0.0
4.826556112006074,0.07086585479121266,-0.002434580106887787,0.07086585479121266,-0.0022204808537825867,-0.08420544588921981,-0.0022204808537825867,-60.882553321729006,-383.95117795315946,0.0,0.0,0.0,0.0,0.0,0.0
4.841992175992345,0.07087024528442315,-0.002093731468999167,0.07087024528442315,-0.0022592580671608685,0.022081318021987914,-0.0022592580671608685,0.8110012779745617,1600.0731364357232,0.0,0.0,0.0,0.0,0.0,0.0
4.8573773030075245,0.0708746484429766,-0.0033064415461881136,0.0708746484429766,-0.0023070343489706713,-0.0788235336628991,-0.0023070343489706713,1.2881171077668931,2286.021098780201,0.0,0.0,0.0,0.0,0.0,0.0
4.873088475986151,0.07087625262182072,-0.0028368417079660886,0.07087625262182072,-0.0026178532944185896,0.029889546685079822,-0.0026178532944185896,4.555463075229412,414.49110577803367,0.0,0.0,0.0,0.0,0.0,0.0
4.888504253991414,0.07087851925992547,-0.0039291217307915755,0.07087851925992547,-0.002489229667444722,-0.0708546803445525,-0.002489229667444722,41.931544007130526,-18212.890250641834,0.0,0.0,0.0,0.0,0.0,0.0
4.903914277005242,0.07087997619769515,-0.0033737347939864597,0.07087997619769515,-0.0027352955637976037,0.036040629939795184,-0.0027352955637976037,37.76550980426923,-16252.186756180712,0.0,0.0,0.0,0.0,0.0,0.0
4.919278591987677,0.07088141502377257,-0.00435889468773868,0.07088141502377257,-0.0026494481956939593,-0.06412000111156926,-0.0026494481956939593,-2.157583061994998,2608.738506925544,0.0,0.0,0.0,0.0,0.0,0.0
4.934878116007894,0.07087810488369994,-0.0036687189288309445,0.07087810488369994,-0.002818737856443144,0.04424338576056856,-0.002818737856443144,-1.4238339018439632,1579.4009258019091,0.0,0.0,0.0,0.0,0.0,0.0
4.9503910259809345,0.07087509187523997,-0.004551004831868627,0.07087509187523997,-0.0027178708756633026,-0.05687430047431451,-0.0027178708756633026,0.032755817785082186,308.8133511232583,0.0,0.0,0.0,0.0,0.0,0.0
4.965783363993978,0.07087314099944582,-0.00378126166684614,0.07087314099944582,-0.00292278135453684,0.05000820306636952,-0.00292278135453684,0.8391700973799949,646.6377586877722,0.0,0.0,0.0,0.0,0.0,0.0
4.981108890991891,0.0708698715948508,-0.004546793811516921,0.0708698715948508,-0.002946997245656637,-0.049951440154393546,-0.002946997245656637,-0.1488353538631948,2113.069915469501,0.0,0.0,0.0,0.0,0.0,0.0
4.996587208006531,0.07086637945696668,-0.003659188185491083,0.07086637945696668,-0.002791085641139144,0.0573450992886559,-0.002791085641139144,17.790327909579474,7003.172280809942,0.0,0.0,0.0,0.0,0.0,0.0
5.012049587996444,0.07086271316810613,-0.004336291385247857,0.07086271316810613,-0.0030467332876759606,-0.04379036087578337,-0.0030467332876759606,11.524399019399233,3603.632818238905,0.0,0.0,0.0,0.0,0.0,0.0
5.027474492992042,0.07086132322897817,-0.0033673492246918076,0.07086132322897817,-0.003080595764509939,0.06281673441960063,-0.003080595764509939,1.7893737711460602,-4688.787728717239,0.0,0.0,0.0,0.0,0.0,0.0
5.0429613220039755,0.07086131855640829,-0.003968906822164882,0.07086131855640829,-0.0030604260949949665,-0.03884317422304602,-0.0030604260949949665,-2.5183152538211573,-4938.632982783791,0.0,0.0,0.0,0.0,0.0,0.0
5.058414130995516,0.07086030454575643,-0.0029250817096010888,0.07086030454575643,-0.003027907999153078,0.06754921471787052,-0.003027907999153078,-1.9280368568819028,5619.496615863727,0.0,0.0,0.0,0.0,0.0,0.0
5.073855164984707,0.07085907532632396,-0.003454225354745323,0.07085907532632396,-0.003001243160562729,-0.0342686665617497,-0.003001243160562729,-2.26589050228707,8652.158364783303,0.0,0.0,0.0,0.0,0.0,0.0
5.108837028004928,0.07085742264451124,0.0037319846751958526,0.07085742264451124,-0.003139167661314758,0.20542673858700036,-0.003139167661314758,-0.09732956949152705,-123.66525236961728,0.0,0.0,0.0,0.0,0.0,0.0
5.125143513985677,0.07086228581251411,0.005179663148182526,0.07086228581251411,-0.0029326864151391916,0.08877930381173156,-0.0029326864151391916,0.32549289674238935,-656.0919784084664,0.0,0.0,0.0,0.0,0.0,0.0
5.141628298006253,0.07086547102640971,0.004733368218433826,0.07086547102640971,-0.0028752245611525077,-0.027073143887819645,-0.0028752245611525077,0.4095316847367827,-777.0347027607112,0.0,0.0,0.0,0.0,0.0,0.0
5.157173708983464,0.07086813572472897,0.005868092587244292,0.07086813572472897,-0.002828105840883427,0.07299416982117342,-0.002828105840883427,0.9509772045597948,-586.6123518149396,0.0,0.0,0.0,0.0,0.0,0.0
5.17295826098416,0.07086858177522111,0.005267308279598271,0.07086858177522111,-0.0026616367555458887,-0.03806153685068381,-0.0026616367555458887,3.300643285480575,4506.425358926543,0.0,0.0,0.0,0.0,0.0,0.0
5.188763405982172,0.0708692812056672,0.006271789732604945,0.0708692812056672,-0.002589047972927553,0.0635540802145763,-0.002589047972927553,3.9032324038102564,5402.238665395878,0.0,0.0,0.0,0.0,0.0,0.0
5.204353151988471,0.07087019439777463,0.005551641376723388,0.07087019439777463,-0.002577462071699352,-0.04619371961484093,-0.002577462071699352,2.1114228130007078,1196.4220787261365,0.0,0.0,0.0,0.0,0.0,0.0
5.220071315008681,0.07087211485292141,0.006413896539830534,0.07087211485292141,-0.0024720878316545586,0.054857247758434584,-0.0024720878316545586,0.7397432144564193,688.3283164613895,0.0,0.0,0.0,0.0,0.0,0.0
5.236833356000716,0.07087380485345059,0.005357623094309466,0.07087380485345059,-0.002385680954817828,-0.0630158013587372,-0.002385680954817828,-0.9063109531960585,-143.75076779126607,0.0,0.0,0.0,0.0,0.0,0.0
5.252724769990891,0.07087529205391625,0.0059892940334852745,0.07087529205391625,-0.0023148273158117086,0.039749196614368536,-0.0023148273158117086,-0.5589577435028694,1034.8136085526532,0.0,0.0,0.0,0.0,0.0,0.0
5.268521110992879,0.07087660079032605,0.004874032279592012,0.07087660079032605,-0.002256727331826691,-0.07060253724282978,-0.002256727331826691,-1.2554865717284542,-2073.617448714705,0.0,0.0,0.0,0.0,0.0,0.0
5.284285140980501,0.07087775247836667,0.005377132172942428,0.07087775247836667,-0.0022090853449589767,0.03191442123273345,-0.0022090853449589767,-1.5701805105696414,-3345.738498577325,0.0,0.0,0.0,0.0,0.0,0.0
5.300638329004869,0.07087706786441342,0.004042386044839316,0.07087706786441342,-0.0021061030483690048,-0.08161993405286973,-0.0021061030483690048,0.017978338732135057,-295.39480960338835,0.0,0.0,0.0,0.0,0.0,0.0
5.316492179001216,0.07087607119071905,0.004397875158727934,0.07087607119071905,-0.002181447233561343,0.02242288869710068,-0.002181447233561343,-0.18095846256032733,182.6453554279274,0.0,0.0,0.0,0.0,0.0,0.0
5.332074731995817,0.07087963354940711,0.003077060940277318,0.07087963354940711,-0.002083439797022945,-0.08476237615929857,-0.002083439797022945,-4.207557550352739,3010.7697182057777,0.0,0.0,0.0,0.0,0.0,0.0
5.347696545999497,0.07088256347305132,0.003367344797912262,0.07088256347305132,-0.00222677923481602,0.018581955819379384,-0.00222677923481602,-6.0393443645800104,-1178.9003078303522,0.0,0.0,0.0,0.0,0.0,0.0
5.363346000987804,0.07088508847298473,0.0019875443661104483,0.07088508847298473,-0.0024401913748440104,-0.08816923227248648,-0.0024401913748440104,-9.333718258923449,-4479.166207959235,0.0,0.0,0.0,0.0,0.0,0.0
5.378821410995442,0.07088631085419816,0.0022216031531346932,0.07088631085419816,-0.00258323139598774,0.015124561281976331,-0.00258323139598774,0.4182605794888019,-2061.1538623577026,0.0,0.0,0.0,0.0,0.0,0.0
5.394369299989194,0.07088683861205619,0.0008228027633415784,0.07088683861205619,-0.002540734544929483,-0.08996722258277579,-0.002540734544929483,0.1954346289911726,-2302.948127737739,0.0,0.0,0.0,0.0,0.0,0.0
5.409792018006556,0.07088672720268135,0.0010372581780841636,0.07088672720268135,-0.0026496978286182156,0.013905163441435027,-0.0026496978286182156,3.6146221654991173,-1308.4170448146633,0.0,0.0,0.0,0.0,0.0,0.0
5.425429205002729,0.07089279022574475,-0.00038333462480153683,0.07089279022574475,-0.0028828583389804486,-0.09084708159040092,-0.0028828583389804486,-345.18513100494874,-874.5126506071974,0.0,0.0,0.0,0.0,0.0,0.0
5.440851385996211,0.07089765268807785,-0.00016804710001978198,0.07089765268807785,-0.0028343655387023385,0.013959603046594783,-0.0028343655387023385,-5.498056724691182,-3652.8268783182652,0.0,0.0,0.0,0.0,0.0,0.0
5.4563058619969524,0.07090127833166392,-0.0015381429851006171,0.07090127833166392,-0.002986349002640111,-0.08865366156802251,-0.002986349002640111,-3.6972499127991654,-1262.0779194770198,0.0,0.0,0.0,0.0,0.0,0.0
5.471814616001211,0.07090366535386988,-0.0012657256372508436,0.07090366535386988,-0.0030949965181389883,0.017565392279416343,-0.0030949965181389883,-1.8266520951362004,1767.7744194066245,0.0,0.0,0.0,0.0,0.0,0.0
5.487884734990075,0.07090462467508582,-0.0026857605749592605,0.07090462467508582,-0.0031041926466500104,-0.08836492988586041,-0.0031041926466500104,-1.3004535011177438,-561.9821142010344,0.0,0.0,0.0,0.0,0.0,0.0
5.503654009982711,0.07090240069412418,-0.00236215723687753,0.07090240069412418,-0.00291998586995371,0.02052112974330509,-0.00291998586995371,-0.7424976155972098,-72.26747711746175,0.0,0.0,0.0,0.0,0.0,0.0
5.519060033984715,0.07089534091255337,-0.0035989067120196683,0.07089534091255337,-0.0025931677197365325,-0.08027700560386149,-0.0025931677197365325,0.7734257339002184,1249.1597986844909,0.0,0.0,0.0,0.0,0.0,0.0
5.534580075007398,0.07089202304694003,-0.0031740501571536,0.07089202304694003,-0.002564861297243104,0.027374705662513328,-0.002564861297243104,-3.054123616932735,1760.4427970959014,0.0,0.0,0.0,0.0,0.0,0.0
5.5499434449884575,0.07088784013739802,-0.004291079792182042,0.07088784013739802,-0.0027973134583227613,-0.0727073315558714,-0.0027973134583227613,7.146010985751545,995.9158379800072,0.0,0.0,0.0,0.0,0.0,0.0
5.565510883985553,0.07088613193763753,-0.003736792714687058,0.07088613193763753,-0.0028441135707610926,0.035605540358847755,-0.0028441135707610926,-0.35827432137923765,-308.30977740620193,0.0,0.0,0.0,0.0,0.0,0.0
5.5812027379870415,0.07088413563838997,-0.004778709788699592,0.07088413563838997,-0.0028984686298001356,-0.06639859597939744,-0.0028984686298001356,-0.5952218287388948,42.80048885562931,0.0,0.0,0.0,0.0,0.0,0.0
5.597017638006946,0.07088484938019275,-0.004085257733564605,0.07088484938019275,-0.00299097663682147,0.043848020174785,-0.00299097663682147,1.1087348512263446,1820.6240460647346,0.0,0.0,0.0,0.0,0.0,0.0
5.6127442230063025,0.07088335237488518,-0.005002585515092981,0.07088335237488518,-0.0029709594434508104,-0.05832975064617737,-0.0029709594434508104,-0.9954170492541898,125.05241413539233,0.0,0.0,0.0,0.0,0.0,0.0
5.628368776990101,0.07088368445152352,-0.004212756320729489,0.07088368445152352,-0.0027787767096511427,0.05055051140547723,-0.0027787767096511427,-0.3711592339641392,-86.09259496335571,0.0,0.0,0.0,0.0,0.0,0.0
5.643886317993747,0.07088378543379688,-0.004994006079350712,0.07088378543379688,-0.002908808312957939,-0.050346234525021745,-0.002908808312957939,5.148416695380462,4819.653589406917,0.0,0.0,0.0,0.0,0.0,0.0
5.659432426007697,0.07088542611151852,-0.004095867406526148,0.07088542611151852,-0.0027917286500054343,0.057772573818386984,-0.0027917286500054343,4.055740770108444,3745.268594496076,0.0,0.0,0.0,0.0,0.0,0.0
5.677720359002706,0.07088849581259314,-0.005219922849542627,0.07088849581259314,-0.0029034498952993306,-0.06146432422533948,-0.0029034498952993306,-21.86247128670402,-3993.02755163642,0.0,0.0,0.0,0.0,0.0,0.0
5.693263736990048,0.07089128114866008,-0.004487857506472384,0.07089128114866008,-0.002851250614883822,0.04709821402184338,-0.002851250614883822,0.19555537854136418,-735.2167931971264,0.0,0.0,0.0,0.0,0.0,0.0
5.708952766988659,0.07089586934716002,-0.005344641055117623,0.07089586934716002,-0.002824426171782716,-0.05461035823891286,-0.002824426171782716,4.269611365461174,-3640.101454533282,0.0,0.0,0.0,0.0,0.0,0.0
5.7246037629956845,0.0709062041720668,-0.004489785630114375,0.0709062041720668,-0.0029462407880867974,0.054619873688519616,-0.0029462407880867974,3.6462760320673824,-3332.0023217185703,0.0,0.0,0.0,0.0,0.0,0.0
5.740494631987531,0.07091483033907948,-0.0052620216063873175,0.07091483033907948,-0.002742528445413041,-0.04859620809089685,-0.002742528445413041,3.2293558367249506,-691.8585710284538,0.0,0.0,0.0,0.0,0.0,0.0
5.756030741002178,0.07092413714476306,-0.004335878455375714,0.07092413714476306,-0.0026394001917790064,0.05961229739946177,-0.0026394001917790064,-0.5736216445771478,-451.1303620997515,0.0,0.0,0.0,0.0,0.0,0.0
5.772320477000903,0.07092898828823037,-0.005092607380469922,0.07092898828823037,-0.002618750891157544,-0.04645433941675968,-0.002618750891157544,-0.9818050405537448,-249.29061614900456,0.0,0.0,0.0,0.0,0.0,0.0
5.787790567992488,0.07093444188295417,-0.00414723288437468,0.07093444188295417,-0.002713671232525226,0.061109821306771964,-0.002713671232525226,-1.9665750156199664,-250.7325822667085,0.0,0.0,0.0,0.0,0.0,0.0
5.804001873999368,0.07094017809982658,-0.004870862223130598,0.07094017809982658,-0.0027755269456071134,-0.04463732523763287,-0.0027755269456071134,-0.22226237308331065,-407.6251554590608,0.0,0.0,0.0,0.0,0.0,0.0
5.819780124002136,0.07094461993371119,-0.003847654589633334,0.07094461993371119,-0.0027143958624569805,0.06484924711661699,-0.0027143958624569805,2.050082181472405,-2536.0974906583456,0.0,0.0,0.0,0.0,0.0,0.0
5.835603423009161,0.07095151178713882,-0.00446000682262512,0.07095151178713882,-0.0026323104405946486,-0.03869940350112406,-0.0026323104405946486,1.6699026642102517,-2060.220969375445,0.0,0.0,0.0,0.0,0.0,0.0
5.8518645919975825,0.07095741899393841,-0.0032624124496886437,0.07095741899393841,-0.0025490214278279244,0.07364749568676107,-0.0025490214278279244,-0.48731313028750023,613.2726489866266,0.0,0.0,0.0,0.0,0.0,0.0
5.867860409984132,0.070964342094644,-0.0037699090643843625,0.070964342094644,-0.0025286613378780456,-0.031726831045617555,-0.0025286613378780456,0.5749996954826528,-566.986635429644,0.0,0.0,0.0,0.0,0.0,0.0
5.88374427400413,0.07096831998592895,-0.0025422734657105056,0.07096831998592895,-0.0026238188319964257,0.07728822137537096,-0.0026238188319964257,-0.17927902231462767,-106.48908125621101,0.0,0.0,0.0,0.0,0.0,0.0
5.899504926986992,0.07097017852488627,-0.002970830753462617,0.07097017852488627,-0.0024621635164888403,-0.027191594676825907,-0.0024621635164888403,0.5753423475198147,-285.96708849909226,0.0,0.0,0.0,0.0,0.0,0.0
5.9151722799870186,0.07096895840918635,-0.0017236726236475365,0.07096895840918635,-0.002649185494564851,0.07960235081273703,-0.002649185494564851,2.0045231777138732,-1144.6298513981965,0.0,0.0,0.0,0.0,0.0,0.0
